Temperature,Humidity,Water Level,Status
28.1,79,1.5,1
28.1,79,1.5,1
28.1,79,1.5,1
28.1,79,1.5,1
28,79,1.5,1
28.2,79,1.5,1
28.2,79,1.5,1
28.2,79,1.5,1
28.2,79,1.5,1
28.3,79,1.5,1
28.3,79,1.5,1
28.7,79,1.5,1
28.7,79,1.5,1
28.7,79,1.5,1
28.7,79,1.5,1
28.7,79,1.5,1
29.2,79,1.5,1
29.2,79,1.5,1
29.6,80,1.5,1
29.6,80,1.5,1
29.6,80,1.5,1
29.6,80,1.5,1
29.6,80,1.5,1
29.6,80,1.5,1
29.6,80,1.5,1
29.8,80,1.5,1
29.8,80,1.5,1
29.8,80,1.6,1
29.8,80,1.6,1
29.5,80,1.6,1
29.5,80,1.6,1
29.5,80,1.6,1
29.4,80,1.6,1
29.4,80,1.6,1
29.4,80,1.6,1
29.4,80,1.6,1
29.4,80,1.6,1
29.4,80,1.6,1
29.3,80,1.6,1
29.3,80,1.6,1
29.3,80,1.6,1
29.3,80,1.6,1
29.3,80,1.6,1
28.6,80,1.6,1
28.6,80,1.6,1
28.6,79,1.6,1
28.6,79,1.6,1
28.6,79,1.6,1
28.4,79,1.6,1
28.4,79,1.6,1
28.4,79,1.6,1
28,79,1.6,1
28,81,1.6,1
27.3,81,1.6,1
27.3,81,1.6,1
27.4,81,1.6,1
27.4,81,1.6,1
27.4,81,1.6,1
27.4,81,1.6,1
27.5,81,1.6,1
27.5,81,1.6,1
27.5,81,1.6,1
27.5,81,1.6,1
27.5,81,1.6,1
27.5,81,1.6,1
27.4,81,1.6,1
27.4,81,1.6,1
27.5,81,1.6,1
27.4,81,1.6,1
27.4,81,1.6,1
27.4,81,1.6,1
27.4,81,1.6,1
27.4,81,1.6,1
27.4,81,1.6,1
27.3,81,1.6,1
27.3,81,1.6,1
27.3,81,1.6,1
27.1,81,1.6,1
27.1,81,1.6,1
27.1,81,1.6,1
27.1,81,1.6,1
27.1,81,1.6,1
27.1,81,1.6,1
27.1,81,1.6,1
27.1,81,1.6,1
27.2,81,1.6,1
27.2,81,1.6,1
27.2,81,1.6,1
27.2,81,1.6,1
26.2,81,1.5,1
26.2,81,1.5,1
26.3,81,1.5,1
26.3,81,1.5,1
26.7,81,1.5,1
27.2,81,1.5,1
27.2,81,1.5,1
27.2,81,1.5,1
27.4,81,1.5,1
27.4,81,1.5,1
27.4,81,1.5,1
27.4,81,1.5,1
27.4,81,1.5,1
27.4,81,1.5,1
27.4,81,1.5,1
27.2,81,1.5,1
27.2,81,1.5,1
27.2,81,1.5,1
27.1,81,1.5,1
27.1,81,1.5,1
27.1,81,1.5,1
27.1,81,1.5,1
27.1,81,1.5,1
27.1,81,1.5,1
27.1,81,1.5,1
27.1,81,1.5,1
27.1,82,1.5,1
27.5,82,1.5,1
27.5,82,1.5,1
27.5,82,1.5,1
27.5,82,1.5,1
27.5,82,1.5,1
27.5,81,1.5,1
27.5,81,1.5,1
27.6,81,1.5,1
27.6,81,1.5,1
27.6,81,1.5,1
27.6,81,1.5,1
27.6,81,1.5,1
27.6,81,1.5,1
27.6,81,1.5,1
27.4,82,1.5,1
27.4,82,1.5,1
27.4,82,1.5,1
27.4,82,1.5,1
27.4,82,1.5,1
27.4,82,1.5,1
27.3,82,1.5,1
27.3,82,1.5,1
27.3,83,1.5,1
27.3,83,1.5,1
27.3,83,1.5,1
27.3,83,1.5,1
27.1,83,1.5,1
27.1,83,1.5,1
27.1,83,1.5,1
27.1,83,1.5,1
27.2,83,1.5,1
27.2,83,1.5,1
27.2,83,1.5,1
27.2,82,1.5,1
27.2,82,1.5,1
27.2,82,1.5,1
27.2,82,1.5,1
28.1,82,1.5,1
28.1,80,1.5,1
28.1,80,1.5,1
28.1,80,1.5,1
28,80,1.5,1
28.2,80,1.5,1
28.2,80,1.5,1
28.2,80,1.5,1
28.2,80,1.5,1
28.3,80,1.5,1
28.3,80,1.5,1
28.7,80,1.5,1
28.7,80,1.5,1
28.7,80,1.5,1
28.7,78,1.5,1
28.7,78,1.5,1
29.2,78,1.5,1
29.2,78,1.5,1
29.6,78,1.5,1
30.1,78,1.5,1
30.1,78,1.5,1
29.6,78,1.5,1
29.6,78,1.5,1
29.6,78,1.5,1
29.6,78,1.5,1
29.8,78,1.5,1
29.8,78,1.5,1
29.8,78,1.5,1
29.8,78,1.5,1
29.5,78,1.5,1
29.5,78,1.5,1
29.5,78,1.5,1
29.4,79,1.5,1
29.4,79,1.5,1
29.4,79,1.5,1
29.4,79,1.5,1
29.4,79,1.5,1
29.4,79,1.5,1
29.3,79,1.5,1
29.3,79,1.5,1
29.3,79,1.5,1
29.3,79,1.5,1
29.3,79,1.5,1
28.6,79,1.5,1
28.6,78,1.5,1
28.6,78,1.5,1
28.6,78,1.5,1
28.6,78,1.5,1
28.4,78,1.5,1
28.4,78,1.5,1
28.4,78,1.5,1
28,78,1.5,1
28,78,1.5,1
27.3,80,1.5,1
27.3,80,1.5,1
27.4,80,1.5,1
27.4,80,1.5,1
27.4,80,1.5,1
27.4,80,1.5,1
27.4,80,1.5,1
27.4,80,1.5,1
27.4,80,1.5,1
27.4,80,1.5,1
27.4,80,1.5,1
27.4,80,1.5,1
27.4,80,1.5,1
27.4,80,1.5,1
27.5,80,1.5,1
27.4,80,1.5,1
27.4,80,1.5,1
27.4,80,1.5,1
27.4,80,1.5,1
27.4,80,1.5,1
27.4,80,1.5,1
27.3,80,1.5,1
27.3,80,1.5,1
27.3,80,1.5,1
27.3,80,1.5,1
27.3,80,1.5,1
27.3,80,1.5,1
27.3,80,1.5,1
27.3,80,1.5,1
27.2,80,1.5,1
27.2,80,1.5,1
27.2,80,1.5,1
27.2,80,1.5,1
27.2,80,1.5,1
27.2,80,1.6,1
27.2,80,1.6,1
27.2,80,1.6,1
27.2,80,1.6,1
27.2,80,1.6,1
27.2,80,1.6,1
27.2,80,1.6,1
27.2,80,1.6,1
27.2,80,1.6,1
27.2,80,1.6,1
27.2,80,1.6,1
27.2,80,1.6,1
27.2,80,1.6,1
27.2,80,1.6,1
27.2,80,1.6,1
27.2,80,1.6,1
27.2,80,1.6,1
27.2,80,1.6,1
27.2,80,1.6,1
27.2,80,1.6,1
27.3,80,1.6,1
27.3,80,1.6,1
27.3,80,1.6,1
27.3,80,1.6,1
27.3,80,1.6,1
27.3,80,1.6,1
27.3,80,1.6,1
27.3,80,1.6,1
27.3,83,1.6,1
27.3,83,1.6,1
27.3,83,1.6,1
27.1,83,1.6,1
27.1,83,1.6,1
27.1,83,1.6,1
27.1,83,1.6,1
27.1,83,1.6,1
27.1,83,1.6,1
27.1,83,1.6,1
27.1,83,1.6,1
27.1,80,1.6,1
27.1,80,1.6,1
27.1,80,1.6,1
27.1,80,1.6,1
27.1,82,1.6,1
27.1,82,1.6,1
27.1,82,1.6,1
27.1,82,1.6,1
27.1,82,1.6,1
27.1,82,1.6,1
27.1,82,1.6,1
28.1,82,1.6,1
28.1,82,1.6,1
28.1,82,1.6,1
28.1,82,1.6,1
28,82,1.6,1
28.2,82,1.6,1
28.2,81,1.6,1
28.2,81,1.6,1
28.2,81,1.6,1
28.3,81,1.6,1
28.3,81,1.6,1
28.7,81,1.6,1
28.7,81,1.6,1
28.7,81,1.6,1
28.7,81,1.6,1
28.7,81,1.6,1
29.2,81,1.6,1
29.2,81,1.6,1
29.6,81,1.6,1
29.6,79,1.6,1
29.6,79,1.6,1
29.6,79,1.6,1
29.6,79,1.6,1
29.6,79,1.6,1
29.6,79,1.6,1
29.8,79,1.6,1
29.8,79,1.6,1
29.8,79,1.6,1
29.8,79,1.6,1
29.5,79,1.6,1
29.5,79,1.6,1
29.5,79,1.6,1
29.4,79,1.6,1
29.4,79,1.6,1
29.4,79,1.6,1
29.4,79,1.6,1
29.4,79,1.6,1
29.4,79,1.6,1
29.3,78,1.6,1
29.3,78,1.6,1
29.3,78,1.6,1
29.3,78,1.6,1
29.3,78,1.6,1
28.6,78,1.6,1
28.6,78,1.6,1
28.6,78,1.6,1
28.6,78,1.6,1
28.6,78,1.6,1
28.4,78,1.6,1
28.4,78,1.6,1
28.4,78,1.6,1
28,78,1.6,1
28,78,1.6,1
27.3,78,1.6,1
27.3,79,1.6,1
27.4,79,1.6,1
27.4,79,1.6,1
27.4,79,1.6,1
27.4,79,1.6,1
27.4,79,1.6,1
27.4,79,1.6,1
27.4,79,1.6,1
27.4,79,1.6,1
27.4,79,1.6,1
27.4,79,1.6,1
27.4,79,1.6,1
27.4,79,1.6,1
27.5,79,1.6,1
27.4,79,1.6,1
27.4,80,1.6,1
27.4,80,1.6,1
27.4,80,1.6,1
27.4,80,1.6,1
27.4,80,1.6,1
27.3,80,1.6,1
27.3,80,1.6,1
27.3,80,1.6,1
27.3,80,1.6,1
27.3,80,1.6,1
27.3,82,1.6,1
27.3,82,1.6,1
27.3,82,1.6,1
27.2,82,1.6,1
27.2,83,1.6,1
27.2,83,1.6,1
26.7,83,1.6,1
26.7,83,1.6,1
26.2,83,1.5,1
26.2,83,1.5,1
26.2,83,1.5,1
26.3,83,1.5,1
26.3,83,1.5,1
26.3,83,1.5,1
26.3,83,1.5,1
26.3,83,1.5,1
26.3,83,1.5,1
26.3,83,1.5,1
26.3,83,1.5,1
26.7,83,1.5,1
26.7,83,1.5,1
26.7,83,1.5,1
26.7,83,1.5,1
26.7,83,1.5,1
26.7,83,1.5,1
26.7,83,1.5,1
26.7,83,1.5,1
26.7,83,1.5,1
26.8,84,1.5,1
26.8,84,1.5,1
26.8,84,1.5,1
26.8,84,1.5,1
26.8,84,1.5,1
26.8,84,1.5,1
26.8,84,1.5,1
27.1,84,1.5,1
27.1,84,1.5,1
27.1,81,1.5,1
27.1,81,1.5,1
27.1,81,1.5,1
27.2,81,1.5,1
27.2,81,1.5,1
27.2,81,1.5,1
27.2,81,1.5,1
27.2,81,1.5,1
27.1,81,1.5,1
27.3,81,1.5,1
27.3,81,1.5,1
27.3,80,1.5,1
27.6,80,1.5,1
27.6,80,1.5,1
27.6,80,1.5,1
27.6,80,1.5,1
27.6,80,1.5,1
27.6,80,1.5,1
27.6,80,1.5,1
27.8,80,1.5,1
27.8,80,1.5,1
27.8,81,1.5,1
27.8,81,1.5,1
27.8,81,1.5,1
27.8,81,1.5,1
28.1,81,1.5,1
28.1,81,1.5,1
28.1,81,1.5,1
28.1,81,1.5,1
28.1,81,1.5,1
28.4,81,1.5,1
28.4,80,1.5,1
28.4,80,1.5,1
28.4,80,1.5,1
28.4,80,1.5,1
28.4,80,1.5,1
28.5,80,1.5,1
28.5,80,1.5,1
28.7,80,1.5,1
28.7,80,1.5,1
29.3,80,1.5,1
29.3,80,1.5,1
29.3,80,1.5,1
29.7,80,1.5,1
29.7,79,1.5,1
29.7,79,1.5,1
30.1,79,1.5,1
30.1,79,1.5,1
30.1,79,1.5,1
30.1,79,1.5,1
30.6,79,1.5,1
30.6,79,1.5,1
30.6,79,1.5,1
30.6,79,1.5,1
30.6,78,1.5,1
31.2,78,1.5,1
31.2,78,1.5,1
31.2,78,1.5,1
31.4,78,1.5,1
31.4,78,1.5,1
31.4,77,1.5,1
31.7,77,1.5,1
31.7,77,1.5,1
31.7,77,1.5,1
31.7,77,1.5,1
31.6,77,1.5,1
31.6,77,1.5,1
31.6,77,1.5,1
30.6,77,1.5,1
30.6,77,1.5,1
30.6,77,1.5,1
31.3,79,1.5,1
31.1,79,1.5,1
30,79,1.5,1
30,79,1.5,1
29.8,79,1.5,1
29.8,79,1.5,1
29.8,79,1.5,1
29.5,79,1.5,1
29.5,79,1.5,1
29.5,79,1.5,1
29.3,79,1.5,1
29.3,79,1.5,1
29.3,79,1.5,1
29.3,79,1.5,1
28.6,79,1.5,1
28.6,79,1.5,1
28.6,79,1.5,1
28.1,79,1.5,1
28.1,79,1.5,1
27.6,80,1.5,1
27.6,80,1.5,1
27.6,80,1.5,1
27.4,80,1.5,1
27.4,80,1.5,1
26.9,80,1.5,1
26.9,80,1.5,1
26.9,80,1.5,1
26.8,80,1.5,1
26.8,82,1.5,1
26.8,82,1.5,1
26.4,82,1.5,1
26.4,82,1.5,1
26.4,82,1.5,1
26.4,82,1.5,1
26.4,82,1.5,1
26.4,82,1.5,1
26.8,82,1.5,1
26.8,82,1.5,1
26.3,83,1.5,1
26.3,83,1.5,1
26.3,83,1.5,1
26,83,1.5,1
26,83,1.5,1
26,83,1.5,1
26.4,83,1.5,1
26.4,83,1.5,1
26.1,79,1.5,1
26.1,79,1.5,1
26.1,79,1.5,1
26.2,79,1.5,1
26.2,79,1.5,1
26.2,79,1.5,1
26.3,79,1.5,1
26.3,79,1.5,1
26.3,83,1.5,1
26.3,83,1.5,1
26.3,83,1.5,1
26.3,83,1.5,1
26.3,83,1.5,1
26.3,83,1.5,1
26.7,83,1.5,1
26.7,83,1.5,1
26.7,83,1.5,1
26.7,83,1.5,1
26.7,83,1.5,1
26.7,83,1.5,1
26.7,84,1.5,1
26.7,84,1.5,1
26.7,84,1.5,1
26.8,84,1.5,1
26.8,84,1.5,1
26.8,84,1.5,1
26.8,84,1.5,1
26.8,84,1.5,1
26.8,83,1.5,1
26.8,83,1.5,1
27.1,83,1.5,1
27.1,83,1.5,1
27.1,83,1.5,1
27.1,83,1.5,1
27.1,83,1.5,1
27.2,83,1.5,1
27.2,82,1.5,1
27.2,82,1.5,1
27.2,82,1.5,1
27.2,82,1.5,1
27.1,82,1.5,1
27.3,82,1.5,1
27.3,82,1.5,1
27.3,82,1.5,1
27.6,83,1.5,1
27.6,83,1.5,1
27.6,83,1.5,1
27.6,83,1.5,1
27.6,83,1.5,1
27.6,83,1.5,1
27.6,83,1.5,1
27.8,83,1.5,1
27.8,83,1.5,1
27.8,83,1.5,1
27.8,83,1.5,1
27.8,83,1.5,1
27.8,83,1.5,1
28.1,83,1.5,1
28.1,81,1.5,1
28.1,81,1.5,1
28.1,81,1.5,1
28.1,81,1.5,1
28.4,81,1.5,1
28.4,81,1.5,1
28.4,81,1.5,1
28.4,81,1.5,1
28.4,81,1.5,1
28.4,81,1.5,1
28.5,81,1.5,1
28.5,81,1.5,1
28.7,81,1.5,1
28.7,81,1.5,1
29.3,82,1.5,1
29.3,82,1.5,1
29.3,82,1.5,1
29.7,82,1.5,1
29.7,82,1.5,1
30.4,82,1.5,1
30.4,82,1.5,1
30.4,82,1.5,1
30.6,83,1.5,1
30.6,83,1.5,1
30.6,82,1.5,1
31.3,81,1.5,1
31.3,81,1.5,1
31.3,81,1.5,1
31.6,81,1.5,1
31.6,81,1.5,1
31.6,81,1.5,1
31.6,81,1.5,1
32.4,82,1.5,1
32.4,81,1.5,1
32.4,81,1.5,1
32.4,81,1.5,1
31.7,81,1.5,1
31.7,81,1.5,1
31.7,81,1.5,1
31.6,81,1.5,1
31.6,80,1.5,1
31.6,80,1.5,1
30.6,80,1.5,1
30.6,80,1.5,1
30.6,80,1.5,1
31.3,80,1.5,1
31.1,80,1.5,1
30,79,1.5,1
30,79,1.5,1
29.8,79,1.5,1
29.8,79,1.5,1
29.8,79,1.5,1
29.5,79,1.5,1
29.5,79,1.5,1
29.5,79,1.5,1
29.3,79,1.5,1
29.3,80,1.5,1
29.3,80,1.5,1
29.3,80,1.5,1
28.6,80,1.5,1
28.6,80,1.5,1
28.6,80,1.5,1
28.1,80,1.5,1
28.1,80,1.5,1
27.6,82,1.5,1
27.6,82,1.5,1
27.6,82,1.5,1
27.4,82,1.5,1
27.4,82,1.5,1
26.9,82,1.5,1
26.9,82,1.5,1
26.9,83,1.5,1
26.8,83,1.5,1
26.8,83,1.5,1
26.8,83,1.5,1
26.4,83,1.5,1
26.4,83,1.5,1
26.1,81,1.5,1
26.1,81,1.5,1
26.1,81,1.5,1
26.1,81,1.5,1
26.1,81,1.5,1
26.4,81,1.5,1
26.3,81,1.5,1
26.3,80,1.5,1
26.3,79,1.5,1
26,79,1.5,1
26,79,1.5,1
26,79,1.5,1
26.4,79,1.5,1
26.4,79,1.5,1
26.4,79,1.5,1
26.4,78,1.5,1
26.4,78,1.5,1
26.3,78,1.5,1
26.3,78,1.5,1
26.3,78,1.5,1
26.3,78,1.5,1
26.5,77,1.5,1
26.5,77,1.5,1
26.3,77,1.5,1
26.7,77,1.5,1
26.7,77,1.5,1
26.7,77,1.5,1
26.7,77,1.5,1
26.7,78,1.5,1
26.7,78,1.5,1
26.7,78,1.5,1
26.7,78,1.5,1
26.7,78,1.5,1
26.8,78,1.5,1
26.8,78,1.5,1
26.8,78,1.5,1
26.8,78,1.5,1
26.8,79,1.5,1
26.8,79,1.6,1
26.8,79,1.6,1
27.1,79,1.6,1
27.1,79,1.6,1
27.1,79,1.6,1
27.1,79,1.6,1
27.1,79,1.6,1
27.2,79,1.6,1
27.2,79,1.6,1
27.2,80,1.6,1
27.2,80,1.6,1
27.2,80,1.6,1
27.1,80,1.6,1
27.3,80,1.6,1
27.3,80,1.6,1
27.3,80,1.6,1
27.6,80,1.6,1
27.6,80,1.6,1
27.6,80,1.6,1
27.6,80,1.6,1
27.6,80,1.6,1
27.6,80,1.6,1
27.6,80,1.6,1
27.8,81,1.6,1
27.8,81,1.6,1
27.8,81,1.6,1
27.8,81,1.6,1
27.8,81,1.6,1
27.8,81,1.6,1
28.1,81,1.6,1
28.1,81,1.6,1
28.1,81,1.6,1
28.1,81,1.6,1
28.1,81,1.6,1
28.4,83,1.6,1
28.4,83,1.6,1
28.4,83,1.6,1
28.4,83,1.6,1
28.4,83,1.6,1
28.4,83,1.6,1
28.5,83,1.6,1
28.5,83,1.6,1
28.7,83,1.6,1
28.7,83,1.6,1
29.3,83,1.6,1
29.3,83,1.6,1
29.3,85,1.6,1
29.7,85,1.6,1
29.7,85,1.6,1
29.7,85,1.6,1
30.1,85,1.6,1
30.1,85,1.6,1
30.1,85,1.6,1
27.8,84,1.6,1
27.8,84,1.6,1
27.8,84,1.6,1
28.1,84,1.6,1
28.1,84,1.6,1
28.1,84,1.6,1
28.1,84,1.6,1
28.1,84,1.6,1
28.4,84,1.6,1
28.4,84,1.6,1
28.4,84,1.6,1
28.4,84,1.6,1
28.4,84,1.6,1
28.4,84,1.7,1
28.5,84,1.7,1
28.5,84,1.7,1
28.7,84,1.7,1
28.7,84,1.7,1
29.3,82,1.7,1
29.3,82,1.7,1
29.3,82,1.7,1
29.4,82,1.7,1
29.4,82,1.7,1
29.1,82,1.7,1
29.1,82,1.7,1
29.1,82,1.7,1
29.1,82,1.7,1
29.1,82,1.7,1
29.1,82,1.7,1
29.1,82,1.7,1
28.7,82,1.7,1
28.7,82,1.7,1
28.5,80,1.7,1
28.5,80,1.7,1
28.5,80,1.7,1
28.5,80,1.7,1
28.3,80,1.7,1
28.3,80,1.7,1
28.3,80,1.7,1
28.3,80,1.7,1
28.1,80,1.7,1
28.1,80,1.7,1
28.1,80,1.7,1
28.1,80,1.7,1
28.1,80,1.7,1
28.1,80,1.7,1
28.4,79,1.7,1
28.4,79,1.7,1
28.4,79,1.7,1
28.4,79,1.7,1
28.4,79,1.7,1
28.7,79,1.7,1
28.7,79,1.7,1
28.7,79,1.7,1
28.4,79,1.7,1
28.4,79,1.7,1
28.4,79,1.7,1
28.2,79,1.7,1
28.2,80,1.7,1
28.2,80,1.7,1
28.2,80,1.7,1
28.2,80,1.7,1
28.2,80,1.7,1
26.1,80,1.7,1
26.1,79,1.7,1
26.2,79,1.6,1
26.2,79,1.6,1
26.2,79,1.6,1
26.3,79,1.6,1
26.3,79,1.6,1
26.3,79,1.6,1
26.3,78,1.6,1
26.3,78,1.6,1
26.3,78,1.6,1
26.3,78,1.6,1
26.3,78,1.6,1
26.7,78,1.6,1
26.7,77,1.6,1
26.7,77,1.6,1
26.7,77,1.6,1
26.7,77,1.6,1
26.7,77,1.6,1
26.7,77,1.6,1
26.7,77,1.6,1
26.7,78,1.6,1
26.8,78,1.6,1
26.8,78,1.6,1
26.8,78,1.6,1
26.8,78,1.6,1
26.8,78,1.6,1
26.4,78,1.6,1
26.4,78,1.6,1
25.9,78,1.6,1
25.9,79,1.6,1
25.9,79,1.6,1
25.7,79,1.6,1
25.7,79,1.6,1
25.7,79,1.6,1
25.5,79,1.6,1
25.5,79,1.6,1
25.5,79,1.6,1
25.5,79,1.6,1
26.1,79,1.6,1
26.2,80,1.6,1
26.3,80,1.6,1
26.3,80,1.6,1
26.3,80,1.6,1
26.3,80,1.6,1
26.3,80,1.6,1
27.6,80,1.6,1
27.6,80,1.6,1
27.6,80,1.6,1
27.6,80,1.6,1
27.8,80,1.6,1
27.8,80,1.6,1
27.8,80,1.6,1
27.8,80,1.6,1
27.8,81,1.6,1
27.8,81,1.6,1
28.1,81,1.6,1
28.1,81,1.6,1
28.1,81,1.6,1
28.1,81,1.6,1
28.1,81,1.6,1
28.4,81,1.6,1
28.4,81,1.6,1
28.4,81,1.6,1
28.4,81,1.6,1
28.4,83,1.6,1
28.4,83,1.6,1
28.5,83,1.6,1
28.5,83,1.6,1
28.7,83,1.6,1
28.7,83,1.6,1
29.3,83,1.6,1
29.3,83,1.6,1
29.3,83,1.6,1
29.7,83,1.6,1
29.7,83,1.6,1
30.4,83,1.6,1
30.4,85,1.6,1
29.4,85,1.6,1
29.4,85,1.6,1
29.4,85,1.6,1
29.4,85,1.6,1
29.7,85,1.6,1
29.7,85,1.6,1
29.7,84,1.6,1
29.7,84,1.6,1
29.7,84,1.6,1
29.8,84,1.6,1
29.8,84,1.6,1
29.8,84,1.6,1
29.7,84,1.6,1
31.4,84,1.6,1
31.4,84,1.6,1
31.7,84,1.6,1
31.7,84,1.6,1
31.7,84,1.6,1
31.6,84,1.6,1
31.6,84,1.6,1
31.6,84,1.6,1
30.6,84,1.6,1
30.6,84,1.6,1
30.6,84,1.6,1
31.3,82,1.6,1
31.1,82,1.6,1
31.1,82,1.6,1
31.1,82,1.6,1
29.8,82,1.6,1
29.8,82,1.6,1
29.8,82,1.6,1
29.5,82,1.6,1
29.5,82,1.6,1
29.5,82,1.6,1
29.3,82,1.6,1
29.3,82,1.6,1
29.3,82,1.6,1
29.3,82,1.6,1
28.6,80,1.6,1
28.6,80,1.6,1
28.6,80,1.6,1
28.1,80,1.6,1
28.1,80,1.6,1
27.6,80,1.6,1
27.6,80,1.6,1
27.6,80,1.6,1
27.4,80,1.6,1
27.4,80,1.6,1
26.9,80,1.6,1
26.9,80,1.6,1
26.9,80,1.6,1
26.8,80,1.6,1
26.8,79,1.6,1
26.8,79,1.6,1
26.4,79,1.6,1
26.4,79,1.6,1
26.2,79,1.6,1
26.2,79,1.6,1
26.2,79,1.6,1
26.4,79,1.6,1
26.8,79,1.6,1
26.8,79,1.6,1
26.3,79,1.6,1
26.4,79,1.6,1
26.4,80,1.6,1
26.1,80,1.6,1
26.1,80,1.6,1
26.1,80,1.6,1
26.2,80,1.6,1
26.2,79,1.6,1
26.2,79,1.6,1
26.3,79,1.6,1
26.3,79,1.6,1
26.3,79,1.6,1
26.4,79,1.6,1
26.4,79,1.6,1
26.4,79,1.6,1
26.4,78,1.6,1
26.4,78,1.6,1
26.7,78,1.6,1
26.7,79,1.6,1
26.8,79,1.6,1
26.7,78,1.6,1
26.8,78,1.6,1
26.8,80,1.6,1
26.8,80,1.6,1
26.7,80,1.6,1
26.7,80,1.6,1
26.8,80,1.6,1
26.9,80,1.6,1
26.9,80,1.6,1
26.9,80,1.6,1
26.8,80,1.6,1
26.8,80,1.6,1
26.8,80,1.6,1
27.1,80,1.6,1
27.1,80,1.6,1
27.1,80,1.6,1
27.1,80,1.6,1
27.1,79,1.6,1
27.2,79,1.6,1
27.2,79,1.6,1
27.2,79,1.6,1
27.2,79,1.6,1
27.2,79,1.6,1
27.1,79,1.6,1
27.3,79,1.6,1
27.3,79,1.7,1
27.3,79,1.7,1
27.6,79,1.7,1
27.6,79,1.7,1
27.6,79,1.7,1
27.6,79,1.7,1
27.6,79,1.7,1
27.6,79,1.7,1
27.6,79,1.7,1
27.8,79,1.7,1
27.8,79,1.7,1
27.8,79,1.7,1
27.8,79,1.7,1
27.8,79,1.7,1
27.8,79,1.7,1
28.1,78,1.7,1
28.1,78,1.7,1
28.1,78,1.7,1
28.1,78,1.7,1
28.1,78,1.7,1
28.4,78,1.7,1
28.4,78,1.7,1
28.4,78,1.7,1
28.4,78,1.7,1
28.4,78,1.7,1
28.4,78,1.7,1
28.5,78,1.7,1
28.5,78,1.7,1
28.7,78,1.7,1
28.7,78,1.7,1
29.3,77,1.7,1
29.3,77,1.7,1
29.3,77,1.7,1
29.7,77,1.7,1
29.7,77,1.7,1
30.4,77,1.7,1
30.4,78,1.7,1
30.4,78,1.7,1
30.6,78,1.7,1
30.6,78,1.7,1
30.6,78,1.7,1
30.2,78,1.7,1
30.4,78,1.7,1
30.4,78,1.7,1
30.6,78,1.7,1
30.6,78,1.7,1
29.3,78,1.7,1
29.7,78,1.7,1
29.7,78,1.7,1
30.4,79,1.7,1
30.4,79,1.7,1
30.4,79,1.7,1
31.7,79,1.7,1
31.7,79,1.7,1
31.7,79,1.7,1
31.6,79,1.7,1
31.6,79,1.7,1
31.6,79,1.7,1
30.6,79,1.7,1
30.6,79,1.7,1
30.6,79,1.7,1
31.3,79,1.7,1
31.1,79,1.7,1
30,79,1.7,1
30,79,1.7,1
29.8,79,1.7,1
29.8,79,1.7,1
29.8,79,1.7,1
29.5,79,1.7,1
29.5,79,1.7,1
29.5,79,1.7,1
29.3,79,1.7,1
29.3,79,1.7,1
29.3,79,1.7,1
29.3,80,1.7,1
28.6,80,1.7,1
28.6,80,1.7,1
28.6,80,1.7,1
28.1,80,1.7,1
28.1,80,1.7,1
27.6,80,1.7,1
27.6,80,1.8,1
27.6,80,1.8,1
27.4,80,1.8,1
27.4,80,1.8,1
26.9,80,1.8,1
26.9,80,1.8,1
26.9,80,1.8,1
26.8,80,1.8,1
26.8,80,1.8,1
26.8,80,1.8,1
26.4,80,1.8,1
26.4,81,1.8,1
26.4,81,1.8,1
26.4,81,1.8,1
26.4,81,1.8,1
26.4,81,1.8,1
26.8,81,1.8,1
26.8,81,1.8,1
26.3,81,1.8,1
26.4,81,1.8,1
26.4,81,1.8,1
26.1,83,1.8,1
26.1,83,1.8,1
26.1,79,1.8,1
26.2,79,1.8,1
26.2,79,1.8,1
26.2,79,1.8,1
26.3,79,1.8,1
26.3,79,1.8,1
26.3,79,1.8,1
26.3,79,1.8,1
26.3,83,1.7,1
26.3,83,1.7,1
26.3,83,1.7,1
26.3,83,1.7,1
26.7,83,1.7,1
26.7,83,1.7,1
26.7,83,1.7,1
26.7,83,1.7,1
26.7,83,1.7,1
26.7,83,1.7,1
26.7,83,1.7,1
26.7,83,1.7,1
26.7,84,1.7,1
26.8,84,1.7,1
26.8,84,1.7,1
26.8,84,1.7,1
26.8,84,1.7,1
26.8,84,1.7,1
26.8,84,1.7,1
26.8,84,1.7,1
27.1,83,1.74,1
27.1,83,1.74,1
27.1,83,1.74,1
27.1,83,1.74,1
27.1,83,1.74,1
27.2,83,1.74,1
27.2,83,1.74,1
27.2,83,1.74,1
27.2,82,1.74,1
27.2,82,1.7,1
27.1,82,1.7,1
27.3,82,1.7,1
27.3,82,1.7,1
27.3,82,1.7,1
27.6,82,1.7,1
27.6,82,1.7,1
27.6,83,1.7,1
27.6,83,1.7,1
27.6,83,1.7,1
27.6,83,1.7,1
27.6,83,1.7,1
27.8,83,1.7,1
27.8,83,1.7,1
27.8,83,1.7,1
27.8,83,1.7,1
27.8,83,1.7,1
27.8,83,1.7,1
28.1,83,1.7,1
28.1,83,1.7,1
28.1,83,1.7,1
28.1,81,1.7,1
28.1,81,1.7,1
28.4,81,1.7,1
28.4,81,1.7,1
28.4,81,1.7,1
28.4,81,1.7,1
28.4,81,1.7,1
28.4,81,1.7,1
28.5,81,1.7,1
28.5,81,1.7,1
28.7,81,1.7,1
28.7,81,1.7,1
29.3,81,1.7,1
29.3,81,1.7,1
29.3,82,1.7,1
29.7,82,1.7,1
29.7,82,1.7,1
30.4,82,1.7,1
30.4,82,1.7,1
30.4,82,1.7,1
30.6,82,1.7,1
30.6,82,1.7,1
30.6,83,1.7,1
31.3,83,1.7,1
31.3,82,1.7,1
31.3,81,1.7,1
31.6,81,1.7,1
31.6,81,1.7,1
31.6,81,1.7,1
31.6,81,1.7,1
32.4,81,1.7,1
32.4,81,1.7,1
32.4,82,1.7,1
32.4,81,1.7,1
31.7,81,1.7,1
31.7,81,1.7,1
31.7,81,1.7,1
31.6,81,1.7,1
31.6,81,1.7,1
31.6,81,1.7,1
30.6,80,1.7,1
30.6,80,1.7,1
30.6,80,1.7,1
31.3,80,1.7,1
31.1,80,1.7,1
30,80,1.7,1
30,80,1.7,1
29.8,79,1.7,1
29.8,79,1.7,1
29.8,79,1.7,1
29.5,79,1.7,1
29.5,79,1.7,1
29.5,79,1.68,1
29.3,79,1.68,1
29.3,79,1.68,1
29.3,79,1.68,1
29.3,80,1.68,1
28.6,80,1.68,1
28.6,80,1.68,1
28.6,80,1.68,1
28.1,80,1.68,1
28.1,80,1.68,1
27.6,80,1.68,1
27.6,80,1.68,1
27.6,82,1.68,1
27.4,82,1.68,1
27.4,82,1.68,1
26.9,82,1.68,1
26.9,82,1.68,1
26.9,82,1.68,1
26.8,82,1.68,1
26.8,83,1.68,1
26.8,83,1.68,1
26.4,83,1.68,1
26.4,83,1.68,1
26.4,83,1.68,1
26.4,83,1.68,1
26.4,81,1.68,1
26.4,81,1.68,1
26.8,81,1.68,1
26.8,81,1.68,1
26.3,81,1.68,1
26.4,81,1.68,1
26.4,81,1.68,1
26.1,82,1.68,1
26.1,82,1.68,1
26.1,82,1.68,1
26.2,82,1.68,1
26.2,82,1.68,1
26.2,82,1.68,1
26.3,82,1.68,1
26.3,82,1.68,1
26.3,82,1.68,1
26.3,83,1.68,1
26.3,83,1.68,1
26.3,83,1.68,1
26.3,83,1.68,1
26.3,83,1.68,1
26.7,83,1.68,1
26.7,83,1.68,1
26.7,83,1.68,1
26.7,83,1.68,1
26.7,83,1.68,1
26.7,83,1.68,1
26.7,83,1.68,1
26.7,83,1.68,1
26.7,83,1.68,1
26.8,83,1.68,1
26.8,83,1.68,1
26.8,83,1.68,1
26.8,83,1.68,1
26.8,83,1.68,1
26.8,84,1.68,1
26.8,84,1.68,1
27.1,84,1.68,1
27.1,84,1.68,1
27.1,84,1.68,1
27.1,84,1.68,1
27.1,84,1.68,1
27.2,84,1.68,1
27.2,84,1.68,1
27.2,84,1.68,1
27.2,84,1.68,1
27.2,84,1.68,1
27.1,84,1.68,1
27.3,84,1.68,1
27.3,84,1.68,1
27.3,84,1.68,1
27.6,83,1.68,1
27.6,83,1.68,1
27.6,83,1.68,1
27.6,83,1.68,1
27.6,83,1.68,1
27.6,83,1.68,1
27.6,83,1.68,1
27.8,83,1.68,1
27.8,83,1.68,1
27.8,83,1.68,1
27.8,83,1.68,1
27.8,83,1.68,1
27.8,83,1.68,1
28.1,83,1.68,1
28.1,83,1.68,1
28.1,83,1.68,1
28.1,83,1.68,1
28.1,83,1.68,1
28.4,83,1.68,1
28.4,83,1.68,1
28.4,83,1.68,1
28.4,83,1.68,1
28.4,83,1.68,1
28.4,83,1.68,1
28.5,83,1.68,1
28.5,83,1.68,1
28.7,83,1.68,1
28.7,83,1.68,1
29.3,83,1.68,1
29.3,83,1.68,1
29.3,83,1.68,1
29.7,83,1.68,1
29.7,83,1.68,1
30.4,83,1.68,1
30.4,83,1.68,1
30.4,83,1.68,1
30.6,83,1.68,1
30.6,83,1.68,1
30.6,83,1.68,1
31.3,83,1.68,1
31.3,83,1.68,1
31.3,83,1.68,1
31.6,83,1.68,1
31.6,83,1.68,1
31.6,83,1.68,1
31.6,83,1.68,1
32.4,83,1.68,1
32.4,83,1.68,1
32.4,83,1.68,1
32.4,83,1.68,1
31.7,83,1.68,1
31.7,83,1.68,1
31.7,83,1.68,1
31.6,83,1.68,1
31.6,85,1.68,1
31.6,85,1.68,1
30.6,85,1.68,1
30.6,85,1.68,1
30.6,85,1.68,1
31.3,85,1.68,1
31.1,85,1.68,1
30,85,1.68,1
30,85,1.68,1
29.8,85,1.68,1
29.8,85,1.68,1
29.8,85,1.68,1
29.5,85,1.68,1
29.5,85,1.68,1
29.5,85,1.68,1
29.3,85,1.68,1
29.3,84,1.68,1
29.3,84,1.68,1
29.3,84,1.68,1
28.6,84,1.68,1
28.6,84,1.68,1
28.6,84,1.68,1
28.1,84,1.68,1
28.1,84,1.68,1
27.6,84,1.68,1
27.6,84,1.68,1
27.6,84,1.68,1
27.4,84,1.68,1
27.4,84,1.68,1
26.9,84,1.68,1
26.9,84,1.68,1
26.9,84,1.68,1
26.8,84,1.68,1
26.8,84,1.68,1
26.8,84,1.68,1
26.4,83,1.68,1
26.4,83,1.68,1
26.4,83,1.68,1
26.4,83,1.68,1
26.4,83,1.68,1
26.4,83,1.68,1
26.8,83,1.68,1
26.8,83,1.68,1
26.3,83,1.68,1
26.4,83,1.68,1
26.4,83,1.68,1
26.1,83,1.68,1
26.1,83,1.68,1
26.1,83,1.68,1
26.2,83,1.68,1
26.2,81,1.68,1
26.2,81,1.68,1
26.3,83,1.68,1
26.3,83,1.68,1
26.3,79,1.68,1
26.3,79,1.68,1
26.3,79,1.68,1
26.3,79,1.7,1
26.3,79,1.7,1
26.3,79,1.7,1
26.7,79,1.7,1
26.7,79,1.7,1
26.7,83,1.7,1
26.7,83,1.7,1
26.7,83,1.7,1
26.7,83,1.7,1
26.7,83,1.7,1
26.7,83,1.7,1
26.7,83,1.7,1
26.8,83,1.7,1
26.8,83,1.7,1
26.8,83,1.7,1
26.8,83,1.7,1
26.8,83,1.7,1
26.8,84,1.7,1
26.8,84,1.7,1
27.1,84,1.7,1
27.1,84,1.7,1
27.1,84,1.7,1
27.1,84,1.7,1
27.1,84,1.7,1
27.2,84,1.7,1
27.2,83,1.7,1
27.2,83,1.7,1
27.2,83,1.7,1
27.2,83,1.7,1
27.1,83,1.7,1
27.3,83,1.7,1
27.3,83,1.7,1
27.3,83,1.7,1
27.6,82,1.7,1
27.6,82,1.7,1
27.6,82,1.7,1
27.6,82,1.7,1
27.6,82,1.7,1
27.6,82,1.7,1
27.6,82,1.7,1
27.8,82,1.7,1
27.8,83,1.7,1
27.8,83,1.7,1
27.8,83,1.7,1
27.8,83,1.7,1
27.8,83,1.7,1
28.1,83,1.7,1
28.1,83,1.7,1
28.1,83,1.7,1
28.1,83,1.7,1
28.1,83,1.7,1
28.4,83,1.7,1
28.4,83,1.7,1
28.4,83,1.7,1
28.4,83,1.7,1
28.4,81,1.7,1
28.4,81,1.7,1
28.5,81,1.7,1
28.5,81,1.7,1
28.7,81,1.7,1
28.7,81,1.7,1
29.3,81,1.7,1
29.3,81,1.7,1
29.3,81,1.7,1
29.7,81,1.7,1
29.7,81,1.7,1
27.2,81,1.7,1
27.2,81,1.7,1
27.2,81,1.7,1
27.2,82,1.7,1
27.1,82,1.7,1
27.3,82,1.7,1
27.3,82,1.7,1
27.3,82,1.7,1
27.6,82,1.7,1
27.6,82,1.7,1
27.6,82,1.7,1
27.6,83,1.7,1
27.6,83,1.7,1
27.6,82,1.7,1
27.6,81,1.7,1
27.8,81,1.7,1
27.8,81,1.7,1
27.8,81,1.7,1
27.8,81,1.7,1
27.8,81,1.7,1
27.8,81,1.7,1
28.1,82,1.7,1
28.1,81,1.7,1
28.1,81,1.7,1
28.1,81,1.7,1
28.1,81,1.7,1
28.4,81,1.7,1
28.4,81,1.7,1
30,81,1.7,1
30,80,1.7,1
29.8,80,1.7,1
29.8,80,1.7,1
29.8,80,1.7,1
29.5,80,1.7,1
29.5,80,1.7,1
29.5,80,1.7,1
29.3,79,1.7,1
29.3,79,1.7,1
29.3,79,1.7,1
29.3,79,1.7,1
28.6,79,1.7,1
28.6,79,1.7,1
28.6,79,1.7,1
28.1,79,1.7,1
28.1,79,1.7,1
27.6,80,1.7,1
27.6,80,1.7,1
27.6,80,1.7,1
27.4,80,1.7,1
27.4,80,1.7,1
26.9,80,1.7,1
26.9,80,1.7,1
26.9,80,1.7,1
26.8,82,1.7,1
26.8,82,1.7,1
26.8,82,1.7,1
26.4,82,1.7,1
26.4,82,1.7,1
26.4,82,1.7,1
26.4,82,1.7,1
26.4,83,1.7,1
26.4,83,1.7,1
26.8,83,1.7,1
26.8,83,1.7,1
26.3,83,1.7,1
26.4,82,1.7,1
26.4,81,1.7,1
26.1,81,1.7,1
26.1,81,1.7,1
26.1,81,1.75,1
26.2,81,1.75,1
26.2,81,1.75,1
26.2,81,1.75,1
26.3,83,1.75,1
26.3,83,1.75,1
26.3,79,1.75,1
26.3,79,1.75,1
26.3,79,1.75,1
26.3,79,1.75,1
26.3,79,1.75,1
26.3,79,1.75,1
26.7,79,1.75,1
26.7,79,1.75,1
26.7,83,1.75,1
26.7,83,1.75,1
26.7,83,1.75,1
26.7,83,1.75,1
26.7,83,1.75,1
26.7,83,1.75,1
26.7,83,1.75,1
26.8,83,1.75,1
26.8,83,1.75,1
26.8,83,1.75,1
26.8,83,1.75,1
26.8,83,1.75,1
26.8,84,1.75,1
26.8,84,1.75,1
27.1,84,1.75,1
27.1,84,1.75,1
27.1,84,1.75,1
27.1,84,1.75,1
27.1,84,1.75,1
27.2,84,1.75,1
27.2,83,1.75,1
27.2,83,1.75,1
27.2,83,1.75,1
27.2,83,1.75,1
27.1,83,1.75,1
27.3,83,1.75,1
27.3,83,1.75,1
27.3,83,1.75,1
27.6,82,1.75,1
27.6,82,1.75,1
27.6,82,1.77,1
27.6,82,1.77,1
27.6,82,1.77,1
27.6,82,1.77,1
27.6,82,1.77,1
27.8,82,1.77,1
27.8,83,1.77,1
27.8,83,1.77,1
27.8,83,1.77,1
27.8,83,1.77,1
27.8,83,1.77,1
28.1,83,1.77,1
28.1,83,1.77,1
28.1,83,1.77,1
28.1,83,1.77,1
28.1,83,1.77,1
28.4,83,1.77,1
27.6,83,1.77,1
27.6,83,1.77,1
27.6,83,1.77,1
27.6,81,1.77,1
27.6,81,1.77,1
27.6,81,1.77,1
27.6,81,1.77,1
27.8,81,1.77,1
27.8,81,1.77,1
27.8,81,1.77,1
27.8,81,1.77,1
27.8,81,1.77,1
29.3,81,1.77,1
29.3,81,1.77,1
29.3,81,1.77,1
29.3,81,1.77,1
29.3,81,1.77,1
29.3,82,1.77,1
29.3,82,1.77,1
29.3,82,1.77,1
29.3,82,1.77,1
29.3,82,1.77,1
29.3,82,1.77,1
29.3,82,1.77,1
29.3,82,1.77,1
29.3,83,1.77,1
29.3,83,1.77,1
29.3,82,1.77,1
29.3,81,1.77,1
29.3,81,1.77,1
29.3,81,1.77,1
29.3,81,1.77,1
29.3,81,1.77,1
29.3,81,1.77,1
29.3,81,1.77,1
29.3,82,1.77,1
29.3,81,1.77,1
29.3,81,1.77,1
29.3,81,1.77,1
29.3,81,1.77,1
29.3,81,1.77,1
29.3,81,1.77,1
29.3,81,1.77,1
29.3,80,1.77,1
29.3,80,1.77,1
29.3,80,1.77,1
29.8,80,1.77,1
29.5,80,1.77,1
29.5,80,1.77,1
29.5,80,1.77,1
29.3,79,1.77,1
29.3,79,1.77,1
29.3,79,1.77,1
29.3,79,1.77,1
28.6,79,1.77,1
28.6,79,1.77,1
28.6,79,1.77,1
28.1,79,1.77,1
28.1,79,1.77,1
27.6,80,1.8,1
27.6,80,1.8,1
27.6,80,1.8,1
27.4,80,1.8,1
27.4,80,1.8,1
26.9,80,1.8,1
26.9,80,1.8,1
26.9,80,1.8,1
26.8,82,1.8,1
26.8,82,1.8,1
26.8,82,1.8,1
26.4,82,1.8,1
26.4,82,1.8,1
26.4,82,1.8,1
26.4,82,1.8,1
26.4,83,1.8,1
26.4,83,1.8,1
26.8,83,1.8,1
26.8,83,1.8,1
26.3,83,1.8,1
26.4,83,1.8,1
26.4,81,1.8,1
26.1,81,1.8,1
26.1,81,1.8,1
26.1,81,1.8,1
26.2,81,1.8,1
26.2,82,1.8,1
26.2,82,1.8,1
26.3,82,1.8,1
26.3,82,1.8,1
26.3,82,1.8,1
26.3,82,1.8,1
26.3,82,1.8,1
26.3,82,1.8,1
26.3,82,1.85,1
26.3,82,1.85,1
26.7,83,1.85,1
26.7,83,1.85,1
26.7,83,1.85,1
26.7,83,1.85,1
26.7,83,1.85,1
26.7,83,1.85,1
26.7,83,1.85,1
26.7,83,1.85,1
26.7,83,1.85,1
26.8,83,1.85,1
26.8,83,1.85,1
26.8,83,1.85,1
26.8,83,1.85,1
26.8,83,1.85,1
26.8,84,1.85,1
26.8,84,1.85,1
27.1,84,1.85,1
27.1,84,1.85,1
27.1,84,1.85,1
27.1,84,1.85,1
27.1,84,1.85,1
27.2,84,1.85,1
27.2,84,1.85,1
27.2,84,1.85,1
27.2,84,1.85,1
27.2,84,1.85,1
27.1,84,1.85,1
27.3,84,1.85,1
27.3,85,1.85,1
27.3,85,1.85,1
27.6,85,1.87,1
27.6,85,1.87,1
27.6,85,1.87,1
27.6,85,1.87,1
27.6,85,1.87,1
27.6,85,1.87,1
27.6,85,1.87,1
27.8,85,1.87,1
27.8,85,1.87,1
27.8,85,1.87,1
27.8,85,1.87,1
27.8,85,1.87,1
27.8,84,1.87,1
28.1,84,1.87,1
28.1,84,1.87,1
28.1,84,1.87,1
28.1,84,1.87,1
28.1,84,1.87,1
28.4,83,1.87,1
28.4,83,1.87,1
28.4,83,1.87,1
28.4,83,1.87,1
28.4,83,1.87,1
28.4,83,1.87,1
28.5,83,1.87,1
28.5,83,1.88,1
28.7,83,1.88,1
28.7,83,1.88,1
28.4,83,1.88,1
28.4,82,1.88,1
28.4,82,1.88,1
28.4,82,1.88,1
28.4,82,1.88,1
28.4,82,1.88,1
28.5,82,1.88,1
28.5,82,1.88,1
28.7,82,1.88,1
28.7,82,1.88,1
27.6,82,1.88,1
27.6,82,1.9,2
27.6,82,1.9,2
27.8,81,1.9,2
27.8,81,1.9,2
27.8,81,1.9,2
27.8,81,1.9,2
27.8,81,1.9,2
27.8,81,1.9,2
28.1,81,1.9,2
28.1,81,1.9,2
28.1,81,1.9,2
28.1,81,1.9,2
28.1,81,1.9,2
27.6,81,1.9,2
27.6,82,1.9,2
27.6,82,1.9,2
27.8,82,1.9,2
27.8,82,1.9,2
27.8,82,1.9,2
27.8,82,1.9,2
27.8,82,1.9,2
27.8,82,1.9,2
28.1,82,1.9,2
28.1,82,1.9,2
28.2,82,1.9,2
28.3,82,1.9,2
28.4,82,1.9,2
29.5,82,1.9,2
29.5,82,1.9,2
29.5,82,1.9,2
29.3,82,1.9,2
29.3,82,1.9,2
29.3,82,1.9,2
29.3,82,1.9,2
28.6,82,1.9,2
28.6,82,1.9,2
28.6,82,1.9,2
28.1,82,1.9,2
28.1,82,1.9,2
27.6,82,1.9,2
27.6,82,1.9,2
27.6,82,1.9,2
27.4,82,1.9,2
27.4,82,1.9,2
26.9,82,1.9,2
26.9,82,1.9,2
26.9,82,1.9,2
26.8,82,1.9,2
26.8,82,1.9,2
26.8,82,1.9,2
26.4,82,1.9,2
26.4,82,1.9,2
26.4,82,1.9,2
26.4,82,1.9,2
26.4,82,1.9,2
26.4,82,1.9,2
26.8,82,1.9,2
26.8,82,1.9,2
26.3,82,1.9,2
26.4,82,1.9,2
26.4,82,1.9,2
26.1,82,1.9,2
26.1,82,1.9,2
26.1,82,1.9,2
26.2,82,1.9,2
26.2,82,1.9,2
26.2,82,1.9,2
26.3,82,1.9,2
26.3,82,1.9,2
26.3,82,1.9,2
26.3,82,1.9,2
26.3,82,1.9,2
26.3,82,1.9,2
26.3,82,1.9,2
26.3,82,1.9,2
26.7,82,1.9,2
26.7,82,1.9,2
26.7,82,1.9,2
26.7,82,1.9,2
26.7,82,1.9,2
26.7,82,1.9,2
26.7,82,1.9,2
26.7,82,1.9,2
26.7,82,1.9,2
26.8,82,1.9,2
26.8,82,1.9,2
26.8,82,1.9,2
26.8,82,1.9,2
26.8,82,1.94,2
26.8,82,1.94,2
26.8,82,1.94,2
27.1,82,1.94,2
27.1,82,1.94,2
27.1,82,1.94,2
27.1,82,1.94,2
27.1,82,1.94,2
27.2,82,1.94,2
27.2,82,1.94,2
27.2,82,1.94,2
27.2,82,1.94,2
27.2,82,1.94,2
27.1,82,1.94,2
27.3,82,1.94,2
27.3,82,1.94,2
27.3,82,1.94,2
27.6,82,1.94,2
27.6,82,1.94,2
27.6,80,1.94,2
27.6,80,1.94,2
27.6,80,1.94,2
27.6,80,1.94,2
27.6,80,1.94,2
27.8,80,1.94,2
27.8,80,1.94,2
27.8,80,1.94,2
27.8,80,1.94,2
27.8,80,1.94,2
27.8,80,1.94,2
28.1,80,1.94,2
28.1,80,1.94,2
28.1,80,1.94,2
28.1,82,1.94,2
28.1,82,1.94,2
28.4,79,1.94,2
28.4,79,1.94,2
28.4,79,1.94,2
28.4,79,1.96,2
28.4,79,1.96,2
28.4,79,1.96,2
28.5,79,1.96,2
28.5,79,1.96,2
28.7,79,1.96,2
28.7,79,1.96,2
29.3,79,1.96,2
29.3,79,1.96,2
29.3,78,1.96,2
29.7,78,1.96,2
29.7,78,1.96,2
30.4,78,1.96,2
30.4,78,1.96,2
30.4,78,1.96,2
30.6,78,1.96,2
30.6,78,1.96,2
30.6,78,1.96,2
31.3,78,1.96,2
31.3,78,1.96,2
31.3,78,1.96,2
31.6,78,1.96,2
31.6,77,1.96,2
31.6,77,1.96,2
31.6,77,1.97,2
32.4,77,1.97,2
32.4,77,1.97,2
32.4,77,1.97,2
32.4,77,1.97,2
31.7,77,1.97,2
31.7,77,1.97,2
31.7,77,1.97,2
31.6,77,1.97,2
31.6,78,1.97,2
31.6,78,1.97,2
30.6,78,1.97,2
30.6,78,1.97,2
30.6,78,1.97,2
31.3,78,1.97,2
31.1,78,1.97,2
30,78,1.97,2
30,78,1.97,2
29.8,78,1.97,2
29.8,78,1.97,2
29.8,79,1.97,2
29.5,79,1.97,2
29.5,79,1.97,2
29.5,79,1.97,2
29.3,79,1.97,2
29.3,79,1.97,2
29.3,79,1.97,2
29.3,79,1.97,2
28.6,79,1.97,2
28.6,79,1.97,2
28.6,79,1.97,2
28.1,79,1.97,2
28.1,79,1.97,2
27.6,80,1.97,2
27.6,80,1.99,2
27.6,80,1.99,2
27.4,80,1.99,2
27.4,80,1.99,2
26.9,80,1.99,2
26.9,80,1.99,2
26.9,80,1.99,2
26.8,80,1.99,2
26.8,81,1.99,2
26.8,81,1.99,2
26.4,81,1.99,2
26.4,81,1.99,2
26.4,81,1.99,2
26.4,81,1.99,2
26.4,81,1.99,2
26.4,81,1.99,2
26.8,81,1.99,2
26.8,81,1.99,2
26.3,81,1.99,2
26.4,81,1.99,2
26.4,81,1.99,2
26.1,81,1.99,2
26.1,81,1.99,2
26.1,82,1.99,2
26.2,82,1.99,2
26.2,82,1.99,2
26.2,82,1.99,2
26.3,82,1.99,2
26.3,82,1.99,2
26.3,82,1.99,2
26.3,82,1.99,2
26.3,82,1.99,2
26.3,82,1.99,2
26.3,82,1.99,2
26.3,82,1.99,2
26.7,82,1.99,2
26.7,82,1.99,2
26.7,82,1.99,2
26.7,82,1.99,2
26.7,82,1.99,2
26.7,82,1.99,2
26.7,82,1.99,2
26.7,82,1.99,2
26.7,82,1.99,2
26.8,82,1.99,2
26.8,82,1.99,2
26.8,82,1.99,2
26.8,82,1.99,2
26.8,82,1.99,2
26.8,82,1.99,2
26.8,82,1.99,2
27.1,82,1.99,2
27.1,82,1.99,2
27.1,82,1.99,2
27.1,82,1.99,2
27.1,82,1.99,2
27.2,82,1.99,2
27.2,82,1.99,2
27.2,82,1.99,2
27.2,82,1.99,2
27.2,82,1.99,2
27.1,82,1.99,2
27.3,82,1.99,2
27.3,82,1.99,2
27.3,82,1.99,2
27.6,82,1.99,2
27.6,82,1.99,2
27.6,82,1.99,2
27.6,82,1.99,2
27.6,82,1.99,2
27.6,82,1.99,2
27.6,80,1.99,2
27.8,80,1.99,2
27.8,80,1.99,2
27.8,80,1.99,2
27.8,80,1.99,2
27.8,80,1.99,2
27.8,80,1.99,2
28.1,80,1.99,2
28.1,80,1.99,2
28.1,80,1.99,2
28.1,80,1.99,2
28.1,80,1.99,2
28.4,80,1.99,2
28.4,80,1.99,2
28.4,82,1.99,2
28.4,82,1.99,2
28.4,79,1.99,2
28.4,79,1.99,2
28.5,79,1.99,2
28.5,79,1.99,2
28.7,79,1.99,2
28.7,79,1.99,2
29.3,79,1.99,2
29.3,79,1.99,2
29.3,79,1.99,2
29.7,79,1.99,2
29.7,79,1.99,2
30.4,79,1.99,2
30.4,78,1.99,2
30.4,78,1.99,2
30.6,78,1.99,2
30.6,78,1.99,2
30.6,78,1.99,2
31.3,78,1.99,2
31.3,78,1.99,2
31.3,78,1.99,2
31.6,78,1.99,2
31.6,78,1.99,2
31.6,78,1.99,2
31.6,78,1.99,2
32.4,78,1.99,2
32.4,77,1.99,2
32.4,77,1.99,2
32.4,77,1.99,2
31.7,77,1.99,2
31.7,77,1.99,2
31.7,77,1.99,2
31.6,77,1.99,2
31.6,77,1.99,2
31.6,77,1.99,2
30.6,77,1.99,2
30.6,77,1.99,2
30.6,78,1.99,2
31.3,78,1.99,2
31.1,78,1.99,2
30,78,1.99,2
30,78,1.99,2
29.8,78,1.99,2
29.8,78,1.99,2
29.8,78,1.99,2
29.5,78,1.99,2
29.5,78,1.99,2
29.5,78,1.99,2
29.3,79,1.99,2
29.3,79,1.99,2
29.3,79,1.99,2
29.3,79,1.99,2
28.6,79,1.99,2
28.6,79,1.99,2
28.6,79,1.99,2
28.1,79,1.99,2
28.1,79,1.99,2
27.6,79,1.99,2
27.6,79,1.99,2
27.6,79,1.99,2
27.4,79,1.99,2
27.4,80,1.99,2
26.9,80,1.99,2
26.9,80,1.99,2
26.9,80,1.99,2
26.8,80,1.99,2
26.8,80,1.99,2
26.8,80,1.99,2
26.4,80,1.99,2
26.4,80,1.99,2
26.4,81,1.99,2
26.4,81,1.99,2
26.4,81,1.99,2
26.4,81,1.99,2
26.8,81,1.99,2
26.8,81,1.99,2
26.3,81,1.99,2
26.2,81,1.99,2
26.2,81,1.99,2
26.3,81,1.99,2
26.3,81,1.99,2
26.7,81,1.99,2
27.2,81,1.99,2
27.2,81,1.99,2
27.2,81,1.99,2
27.4,79,1.99,2
27.4,79,1.99,2
27.4,79,1.99,2
27.4,79,1.99,2
27.4,79,1.99,2
27.4,79,1.99,2
27.4,79,1.99,2
27.2,79,1.99,2
27.2,79,1.99,2
27.2,79,1.99,2
27.1,79,1.99,2
27.1,79,1.99,2
27.1,79,1.99,2
27.1,79,1.99,2
27.1,79,1.99,2
27.1,79,1.99,2
27.1,79,1.99,2
27.1,79,1.99,2
27.1,80,1.99,2
27.5,80,1.99,2
27.5,80,1.99,2
27.5,80,1.99,2
27.5,80,1.99,2
27.5,80,1.99,2
27.5,80,1.99,2
27.5,80,1.99,2
27.6,80,1.99,2
27.6,80,1.99,2
27.6,80,1.99,2
27.6,80,1.99,2
27.6,80,1.99,2
27.6,80,1.99,2
27.6,80,1.99,2
27.4,80,1.99,2
27.4,80,1.99,2
27.4,80,1.99,2
27.4,80,1.99,2
27.4,80,1.99,2
27.4,80,1.99,2
27.3,80,1.99,2
27.3,80,1.99,2
27.3,80,1.99,2
27.3,80,1.99,2
27.3,80,1.99,2
27.3,80,1.99,2
27.1,79,1.99,2
27.1,79,1.99,2
27.1,79,1.99,2
27.1,79,1.99,2
27.2,79,1.99,2
27.2,79,1.99,2
27.2,79,1.99,2
27.2,81,1.99,2
27.2,81,1.99,2
27.2,81,1.99,2
27.2,81,1.99,2
28.1,81,1.99,2
28.1,81,1.99,2
28.1,81,1.99,2
28.1,81,1.99,2
28,81,1.99,2
28.2,81,1.99,2
28.2,81,1.99,2
28.2,81,1.99,2
28.2,81,1.99,2
28.3,81,1.99,2
28.3,81,1.99,2
28.7,81,1.99,2
28.7,81,1.99,2
28.7,81,1.99,2
28.7,81,1.99,2
28.7,81,1.99,2
29.2,81,1.99,2
29.2,81,1.99,2
29.6,81,1.99,2
30.1,81,1.99,2
30.1,81,1.99,2
29.6,81,1.99,2
29.6,81,1.99,2
29.6,81,1.99,2
29.6,81,1.99,2
29.8,81,1.99,2
29.8,81,1.99,2
29.8,81,1.99,2
29.8,81,1.99,2
29.5,81,1.99,2
29.5,81,1.99,2
29.5,81,1.99,2
29.4,81,1.99,2
29.4,81,1.99,2
29.4,81,1.99,2
29.4,81,1.99,2
29.4,81,1.99,2
29.4,81,1.99,2
29.3,81,1.99,2
29.3,81,1.99,2
29.3,81,1.99,2
29.3,81,1.99,2
29.3,81,1.99,2
28.6,81,1.99,2
28.6,81,1.99,2
28.6,81,1.97,2
28.6,81,1.97,2
28.6,81,1.97,2
28.4,81,1.97,2
28.4,81,1.97,2
28.4,81,1.97,2
28,81,1.97,2
28,81,1.97,2
27.3,81,1.97,2
27.3,81,1.97,2
27.4,81,1.97,2
27.4,81,1.97,2
27.4,81,1.97,2
27.4,81,1.97,2
27.4,82,1.97,2
27.4,82,1.97,2
27.4,82,1.97,2
27.4,82,1.97,2
27.4,82,1.97,2
27.4,82,1.97,2
27.4,81,1.97,2
27.4,81,1.97,2
27.5,81,1.97,2
27.4,81,1.97,2
27.4,81,1.97,2
27.4,81,1.97,2
27.4,81,1.97,2
27.4,81,1.97,2
27.4,81,1.97,2
27.3,82,1.97,2
27.3,82,1.97,2
27.3,82,1.97,2
27.3,82,1.97,2
27.3,82,1.97,2
27.3,82,1.97,2
27.3,82,1.97,2
27.3,82,1.97,2
26.2,83,1.97,2
26.2,83,1.97,2
26.2,83,1.97,2
26.1,83,1.97,2
26.1,83,1.97,2
26.1,83,1.97,2
26.3,83,1.97,2
26.3,83,1.97,2
26.3,83,1.97,2
26.3,83,1.97,2
26.2,83,1.97,2
26.4,82,1.97,2
26.4,82,1.97,2
26.4,82,1.97,2
26.4,82,1.97,2
26.4,82,1.97,2
26.5,80,1.97,2
26.5,80,1.97,2
26.5,80,1.97,2
26.2,80,1.97,2
26.2,80,1.97,2
26.2,80,1.97,2
26.4,80,1.97,2
26.4,80,1.97,2
26.4,80,1.97,2
26.5,80,1.97,2
26.5,80,1.97,2
26.5,80,1.97,2
26.5,80,1.97,2
26.5,78,1.97,2
26.7,78,1.97,2
26.7,78,1.97,2
26.7,78,1.97,2
26.7,78,1.97,2
26.7,78,1.97,2
26.5,78,1.97,2
26.5,78,1.97,2
26.4,78,1.97,2
26.4,78,1.97,2
26.2,78,1.97,2
26.2,78,1.97,2
26.2,78,1.97,2
26.2,78,1.97,2
26,78,1.97,2
26,78,1.97,2
26,78,1.97,2
25.8,78,1.97,2
25.8,79,1.97,2
25.8,79,1.97,2
25.4,79,1.97,2
25.4,79,1.97,2
25.4,79,1.97,2
25.4,79,1.97,2
25.4,79,1.97,2
25.9,79,1.97,2
25.9,79,1.97,2
25.9,79,1.97,2
25.9,79,1.97,2
25.9,79,1.97,2
26.1,78,1.97,2
26.1,78,1.97,2
26.1,78,1.97,2
26.4,78,1.97,2
26.4,78,1.97,2
26.5,78,1.97,2
26.5,78,1.97,2
26.7,78,1.97,2
26.7,78,1.97,2
26.9,80,1.97,2
26.9,80,1.97,2
27.4,80,1.97,2
27.4,80,1.97,2
27.4,80,1.97,2
27.6,80,1.97,2
27.6,80,1.97,2
27.6,80,1.97,2
27.6,80,1.97,2
27.7,80,1.97,2
27.8,80,1.97,2
27.8,80,1.97,2
27.9,80,1.97,2
28.1,80,1.97,2
28.1,80,1.97,2
28.1,80,1.97,2
28.5,80,1.97,2
28.5,80,1.97,2
28.5,80,1.97,2
28.7,80,1.97,2
28.7,80,1.97,2
28.7,80,1.97,2
28.9,80,1.97,2
29,80,1.97,2
29,80,1.97,2
29,80,1.97,2
29.2,80,1.97,2
29.2,80,1.97,2
29.2,79,1.97,2
29.6,79,1.97,2
29.6,79,1.97,2
29.6,79,1.97,2
29.6,79,1.97,2
29.6,79,1.97,2
29.4,79,1.97,2
29.4,79,1.97,2
29.4,79,1.97,2
29.2,79,1.97,2
29.2,79,1.97,2
29.2,79,1.97,2
29.2,79,1.97,2
28.7,79,1.97,2
28.7,79,1.97,2
28.7,79,1.97,2
28.7,79,1.97,2
28.7,79,1.97,2
28.6,80,1.97,2
28.6,80,1.97,2
28.4,80,1.97,2
28.4,80,1.97,2
28.4,80,1.97,2
28.4,80,1.97,2
28.2,80,1.97,2
28.2,80,1.97,2
28.2,80,1.97,2
27.9,80,1.97,2
27.9,80,1.97,2
27.6,80,1.97,2
27.6,80,1.97,2
27.2,80,1.97,2
27.2,80,1.97,2
27.2,80,1.97,2
27.2,80,1.97,2
27.2,80,1.97,2
27,80,1.97,2
27,80,1.97,2
27.1,80,1.97,2
27.1,80,1.97,2
27,80,1.97,2
26.7,80,1.97,2
26.7,80,1.97,2
26.7,80,1.97,2
26.5,80,1.97,2
26.5,79,1.97,2
26.4,79,1.97,2
26.3,79,1.97,2
26.2,79,1.97,2
26.2,79,1.97,2
26.2,79,1.97,2
26.1,79,1.97,2
26.1,81,1.97,2
26.1,81,1.97,2
26.3,81,1.97,2
26.3,81,1.98,2
26.3,81,1.98,2
26.3,81,1.98,2
26.2,81,1.98,2
26.4,81,1.98,2
26.4,81,1.98,2
26.4,81,1.98,2
26.4,81,1.98,2
26.4,81,1.98,2
26.5,81,1.98,2
26.5,81,1.98,2
26.5,81,1.98,2
26.2,81,1.98,2
26.2,81,1.98,2
26.2,81,1.98,2
26.4,81,1.98,2
26.4,81,1.98,2
26.4,81,1.98,2
26.5,81,1.98,2
26.5,81,1.98,2
26.5,81,1.98,2
26.5,81,1.98,2
26.5,81,1.98,2
26.7,81,1.98,2
26.7,81,1.98,2
26.7,81,1.98,2
26.7,81,1.98,2
26.7,81,1.98,2
26.5,81,1.98,2
26.5,81,1.98,2
26.4,81,1.98,2
26.4,81,1.98,2
26.2,81,1.98,2
26.2,81,1.98,2
26.2,81,1.98,2
26.2,81,1.98,2
26,81,1.98,2
26,81,1.98,2
26,81,1.98,2
25.8,81,1.98,2
25.8,81,1.98,2
25.8,81,1.98,2
25.4,81,1.98,2
25.4,81,1.98,2
25.4,81,1.98,2
25.4,81,1.98,2
25.4,81,1.98,2
25.9,81,1.98,2
25.9,81,1.98,2
25.9,81,1.98,2
25.9,81,1.98,2
25.9,81,1.98,2
26.1,81,1.98,2
26.1,81,1.98,2
26.1,81,1.98,2
26.4,81,1.98,2
26.4,81,1.98,2
26.5,81,1.98,2
26.5,81,1.98,2
26.7,81,1.98,2
26.7,82,1.98,2
26.9,82,1.98,2
26.9,82,1.98,2
27.4,82,1.98,2
27.4,82,1.98,2
27.4,82,1.98,2
27.6,81,1.98,2
27.6,81,1.98,2
27.6,81,1.98,2
27.6,81,1.98,2
27.7,81,1.98,2
27.8,81,1.98,2
27.8,81,1.98,2
27.9,81,1.98,2
28.1,81,1.98,2
28.1,82,1.98,2
28.1,82,1.98,2
28.5,82,1.98,2
28.5,82,1.98,2
28.5,82,1.98,2
28.7,82,1.98,2
28.7,82,1.98,2
28.7,82,1.98,2
28.9,83,1.98,2
29,83,1.98,2
29,83,1.98,2
29,83,1.98,2
29.2,83,1.98,2
29.2,83,1.98,2
29.2,83,1.98,2
29.6,83,1.98,2
29.6,83,1.98,2
29.6,83,1.98,2
29.6,83,1.98,2
29.6,82,1.98,2
29.4,82,1.98,2
29.4,82,1.98,2
29.4,82,1.98,2
29.2,82,1.98,2
29.2,80,1.98,2
29.2,80,1.98,2
29.2,80,1.98,2
28.7,80,1.98,2
28.7,80,1.98,2
28.7,80,1.98,2
28.7,80,1.98,2
28.7,80,1.98,2
28.6,80,1.98,2
28.6,80,1.98,2
28.4,80,1.98,2
28.4,80,1.98,2
28.4,80,1.98,2
28.4,78,1.98,2
28.2,78,1.98,2
28.2,78,1.98,2
28.2,78,1.98,2
27.9,78,1.98,2
27.9,78,1.98,2
27.6,78,1.98,2
27.6,78,1.98,2
27.2,78,1.98,2
27.2,78,1.98,2
27.2,78,1.98,2
27.2,78,1.98,2
27.2,78,1.98,2
27,78,1.98,2
27,78,1.98,2
27.1,78,1.98,2
27.1,78,1.98,2
27,78,1.98,2
26.7,79,1.98,2
26.7,79,1.98,2
26.7,79,1.98,2
26.5,79,1.98,2
26.5,79,1.98,2
26.4,79,1.98,2
26.3,79,1.98,2
26.2,79,1.98,2
26.2,79,1.99,2
26.2,79,1.99,2
26.1,79,1.99,2
26.1,79,1.99,2
26.1,78,1.99,2
26.3,78,1.99,2
26.3,78,1.99,2
26.3,78,1.99,2
26.3,78,1.99,2
26.2,78,1.99,2
26.4,78,1.99,2
26.4,78,1.99,2
26.4,78,1.99,2
26.4,80,1.99,2
26.4,80,1.99,2
26.5,80,1.99,2
26.5,80,1.99,2
26.5,80,1.99,2
26.2,80,1.99,2
26.2,80,1.99,2
26.2,80,1.99,2
26.4,80,1.99,2
26.4,80,1.99,2
26.4,80,1.99,2
26.5,80,1.99,2
26.5,80,1.99,2
26.5,80,1.99,2
26.5,80,1.99,2
26.5,80,1.99,2
26.7,80,1.99,2
26.7,80,1.99,2
26.7,80,2.1,2
26.7,80,2.1,2
26.7,80,2.1,2
26.5,80,2.1,2
26.5,80,2.1,2
26.4,80,2.1,2
26.4,80,2.1,2
26.2,80,2.1,2
26.2,80,2.1,2
26.2,80,2.1,2
26.2,84,2.1,2
26,84,2.1,2
26,84,2.1,2
26,84,2.1,2
25.8,84,2.1,2
25.8,84,2.1,2
25.8,84,2.1,2
25.4,84,2.1,2
25.4,84,2.1,2
25.4,84,2.1,2
25.4,84,2.1,2
25.4,84,2.1,2
25.9,84,2.1,2
25.9,84,2.1,2
25.9,84,2.1,2
25.9,84,2.1,2
25.9,84,2.1,2
26.1,84,2.1,2
26.1,84,2.1,2
26.1,84,2.1,2
26.4,84,2.1,2
26.4,84,2.1,2
26.5,84,2.1,2
26.5,84,2.1,2
26.7,84,2.1,2
26.7,83,2.1,2
26.9,83,2.1,2
26.9,83,2.1,2
27.4,83,2.1,2
27.4,83,2.1,2
27.4,83,2.1,2
27.6,83,2.3,3
27.6,83,2.3,3
27.6,83,2.3,3
27.6,83,2.3,3
27.7,83,2.3,3
27.8,83,2.3,3
27.8,82,2.3,3
27.9,82,2.3,3
28.1,82,2.3,3
28.1,82,2.3,3
28.1,82,2.3,3
28.5,82,2.3,3
28.5,82,2.3,3
28.5,82,2.3,3
28.7,82,2.3,3
28.7,82,2.3,3
28.7,82,2.3,3
28.9,82,2.3,3
29,81,2.3,3
29,81,2.3,3
29,81,2.3,3
29.2,81,2.3,3
29.2,81,2.3,3
29.2,81,2.3,3
29.6,81,2.3,3
29.6,81,2.3,3
29.6,81,2.3,3
29.6,80,2.3,3
29.6,80,2.3,3
29.4,80,2.3,3
29.4,80,2.3,3
29.4,80,2.3,3
29.2,80,2.3,3
29.2,80,2.3,3
29.2,80,2.3,3
29.2,80,2.3,3
28.7,80,2.3,3
28.7,80,2.3,3
28.7,80,2.3,3
28.7,80,2.3,3
28.7,80,2.3,3
28.6,80,2.3,3
28.6,80,2.3,3
28.4,80,2.3,3
28.4,79,2.3,3
28.4,79,2.3,3
28.4,79,2.3,3
28.2,80,2.3,3
28.2,80,2.3,3
28.2,80,2.3,3
27.9,80,2.3,3
27.9,80,2.3,3
27.6,80,2.3,3
27.6,80,2.3,3
27.2,80,2.3,3
27.2,80,2.3,3
27.2,80,2.3,3
27.2,79,2.3,3
27.2,79,2.3,3
27,79,2.3,3
27,79,2.3,3
27.1,79,2.3,3
27.1,79,2.3,3
27,79,2.3,3
26.7,79,2.3,3
26.7,79,2.3,3
26.7,79,2.3,3
26.5,78,2.3,3
26.5,78,2.3,3
26.4,78,2.3,3
26.3,78,2.3,3
26.2,78,2.3,3
26.2,78,2.3,3
26.2,78,2,2
26.1,78,2,2
26.1,78,2,2
26.1,78,2,2
26.3,78,2,2
26.3,78,2,2
26.3,78,2,2
26.3,78,2,2
26.2,78,2,2
26.4,78,2,2
26.4,80,1.9,2
26.4,80,1.9,2
26.4,80,1.9,2
26.4,80,1.9,2
26.5,80,1.9,2
26.5,80,1.9,2
26.5,80,1.9,2
26.2,80,1.9,2
26.2,80,1.9,2
26.2,80,1.9,2
26.4,80,1.9,2
26.4,80,1.9,2
26.4,80,1.9,2
26.5,82,1.9,2
26.5,82,1.9,2
26.5,82,1.9,2
26.5,82,1.9,2
26.5,82,1.9,2
26.7,82,1.92,2
26.7,82,1.92,2
26.7,82,1.92,2
26.7,82,1.92,2
26.7,83,1.92,2
26.5,83,1.92,2
26.5,83,1.92,2
26.4,83,1.92,2
26.4,83,1.92,2
26.2,82,1.92,2
26.2,82,1.92,2
26.2,82,1.92,2
26.2,82,1.92,2
26,82,1.92,2
26,82,1.92,2
26,82,1.92,2
25.8,82,1.92,2
25.8,83,1.92,2
25.8,83,1.92,2
25.4,83,1.92,2
25.4,83,1.92,2
25.4,83,1.92,2
25.4,83,1.92,2
25.4,83,1.92,2
25.9,83,1.92,2
25.9,83,1.92,2
25.9,83,1.92,2
25.9,83,1.92,2
25.9,82,1.92,2
26.1,82,1.92,2
26.1,82,1.92,2
26.1,82,1.92,2
26.4,82,1.92,2
26.4,80,1.92,2
26.5,80,1.92,2
26.5,80,1.92,2
26.7,80,1.92,2
26.7,80,1.92,2
26.9,80,1.92,2
26.9,80,1.92,2
27.4,80,1.92,2
27.4,80,1.92,2
27.4,80,1.92,2
27.6,80,1.92,2
27.6,80,1.92,2
27.6,80,1.92,2
27.6,78,1.92,2
27.7,78,1.92,2
27.8,78,1.92,2
27.8,78,1.92,2
27.9,78,1.92,2
28.1,78,1.92,2
28.1,78,1.92,2
28.1,78,1.92,2
28.5,78,1.92,2
28.5,78,1.92,2
28.5,78,1.92,2
28.7,78,1.92,2
28.7,78,1.92,2
28.7,78,1.92,2
28.9,78,1.92,2
29,78,1.92,2
29,78,1.92,2
29,78,1.92,2
29.2,79,1.92,2
29.2,79,1.92,2
29.2,79,1.92,2
29.6,79,1.92,2
29.6,79,1.92,2
29.6,79,1.92,2
29.6,79,1.92,2
29.6,79,1.92,2
29.4,79,1.92,2
29.4,79,1.92,2
29.4,79,1.92,2
29.2,79,1.92,2
29.2,78,1.92,2
29.2,78,1.92,2
29.2,78,1.92,2
28.7,78,1.92,2
28.7,78,1.92,2
28.7,78,1.92,2
28.7,78,1.92,2
28.7,78,1.92,2
28.6,78,1.92,2
28.6,80,1.92,2
28.4,80,1.92,2
28.4,80,1.92,2
28.4,80,1.92,2
28.4,82,1.92,2
28.2,82,1.92,2
28.2,82,1.92,2
28.2,82,1.92,2
27.9,82,1.92,2
27.9,83,1.92,2
27.6,83,1.92,2
27.6,83,1.92,2
27.2,83,1.92,2
27.2,83,1.92,2
27.2,83,1.92,2
27.2,83,1.92,2
27.2,83,1.92,2
27,83,1.92,2
27,83,1.92,2
27.1,85,1.92,2
27.1,85,1.92,2
27,85,1.92,2
26.7,85,1.92,2
26.7,85,1.92,2
26.7,85,1.92,2
26.5,85,1.92,2
26.5,83,1.92,2
26.4,83,1.92,2
26.3,83,1.92,2
26.1,83,1.92,2
26.3,83,1.92,2
26.3,83,1.92,2
26.3,84,1.92,2
26.3,84,1.92,2
26.2,84,1.92,2
26.4,84,1.92,2
26.4,84,1.92,2
26.4,84,1.92,2
26.4,85,1.92,2
26.4,85,1.92,2
26.5,85,1.92,2
26.5,85,1.92,2
26.5,85,1.92,2
26.2,85,1.92,2
26.2,85,1.92,2
26.2,84,1.92,2
26.4,84,1.92,2
26.4,84,1.92,2
26.4,84,1.92,2
26.5,84,1.92,2
26.5,84,1.92,2
26.5,84,1.92,2
26.5,83,1.92,2
26.5,83,1.92,2
26.7,83,1.92,2
26.7,83,1.92,2
26.7,83,1.92,2
26.7,83,1.92,2
26.7,83,1.92,2
26.5,83,1.95,2
26.5,83,1.95,2
26.4,83,1.95,2
26.4,83,1.95,2
26.2,84,1.95,2
26.2,84,1.95,2
26.2,84,1.95,2
26.2,84,1.95,2
26,84,1.95,2
26,84,1.95,2
26,84,1.95,2
25.8,84,1.95,2
25.8,84,1.95,2
25.8,84,1.95,2
25.4,84,1.95,2
25.4,84,1.95,2
25.4,84,1.95,2
25.4,84,1.95,2
25.4,84,1.95,2
25.9,84,1.95,2
25.9,84,1.95,2
25.9,84,1.95,2
25.9,84,1.95,2
25.9,84,1.95,2
26.1,84,1.95,2
26.1,84,1.95,2
26.1,84,1.95,2
26.4,84,1.95,2
26.4,84,1.95,2
26.5,84,1.95,2
26.5,84,1.95,2
26.7,84,1.95,2
26.7,84,1.95,2
26.9,84,1.95,2
26.9,84,1.95,2
27.4,83,1.95,2
27.4,83,1.95,2
27.4,83,1.95,2
27.6,83,1.95,2
27.6,83,1.95,2
27.6,83,1.95,2
27.6,83,1.95,2
27.7,83,1.95,2
27.8,83,1.95,2
27.8,83,1.95,2
27.9,83,1.95,2
28.1,83,1.95,2
28.1,82,1.95,2
28.1,82,1.95,2
28.5,82,1.95,2
28.5,82,1.95,2
28.5,82,1.95,2
28.7,82,1.95,2
28.7,82,1.95,2
28.7,82,1.95,2
28.9,82,1.95,2
29,82,1.95,2
29,82,1.95,2
29,82,1.95,2
29.2,81,1.95,2
29.2,81,1.95,2
29.2,81,1.95,2
29.6,81,1.95,2
29.6,81,1.98,2
29.6,81,1.98,2
29.6,81,1.98,2
29.6,81,1.98,2
29.4,81,1.98,2
29.4,80,1.98,2
29.4,80,1.98,2
29.2,80,1.98,2
29.2,80,1.98,2
29.2,80,1.98,2
29.2,80,1.98,2
28.7,80,1.98,2
28.7,80,1.98,2
28.7,80,1.98,2
28.7,80,1.98,2
28.7,80,1.98,2
28.6,80,1.98,2
28.6,80,1.98,2
28.4,80,1.98,2
28.4,80,1.98,2
28.4,80,1.98,2
28.4,80,1.98,2
28.2,79,1.98,2
28.2,79,1.98,2
28.2,79,1.98,2
27.9,80,1.98,2
27.9,80,1.98,2
27.6,80,1.98,2
27.6,80,1.98,2
27.2,80,1.98,2
27.2,80,1.98,2
27.2,80,1.98,2
27.2,80,1.98,2
27.2,80,1.98,2
27,80,1.98,2
27,79,1.98,2
27.1,79,1.98,2
27.1,79,1.98,2
27,79,1.98,2
26.7,79,1.98,2
26.7,79,1.98,2
26.7,79,1.98,2
26.5,79,1.98,2
26.5,79,1.98,2
26.4,79,1.98,2
26.4,78,1.98,2
26.4,78,1.98,2
26.2,78,1.98,2
26.2,78,1.98,2
26.2,78,1.98,2
26.2,78,1.98,2
26.2,78,1.98,2
26.1,78,1.98,2
26.1,78,1.98,2
26.1,78,1.98,2
26.3,78,1.98,2
26.3,78,1.98,2
26.3,78,1.98,2
26.3,78,1.98,2
26.2,78,1.98,2
26.4,78,1.98,2
26.4,80,2.1,2
26.4,80,2.1,2
26.4,80,2.1,2
26.4,80,2.1,2
26.5,80,2.1,2
26.5,80,2.1,2
26.5,80,2.1,2
26.2,80,2.1,2
26.2,80,2.1,2
26.2,80,2.1,2
26.4,80,2.1,2
26.4,80,2.1,2
26.4,80,2.1,2
26.5,82,2.1,2
26.5,82,2.1,2
26.5,82,2.1,2
26.5,82,2.1,2
26.5,82,2.1,2
26.7,82,2.1,2
26.7,82,2.1,2
26.7,82,2.1,2
26.7,82,2.1,2
26.7,83,2.1,2
26.5,83,2.1,2
26.5,83,2.1,2
26.4,83,2.1,2
26.4,83,2.1,2
26.2,84,2.1,2
26.2,84,2.1,2
26.2,84,2.1,2
26.2,84,2.1,2
26,84,2.1,2
26,84,2.1,2
26,85,2.1,2
25.8,85,2.1,2
25.8,85,2.1,2
25.8,85,2.1,2
25.4,85,2.1,2
25.4,85,2.1,2
25.4,85,2.1,2
25.4,84,2.1,2
25.4,84,2.1,2
25.9,84,2.1,2
25.9,84,2.1,2
25.9,84,2.3,3
25.9,84,2.3,3
25.9,84,2.3,3
26.1,83,2.3,3
26.1,83,2.3,3
26.1,83,2.3,3
26.4,83,2.3,3
26.4,83,2.3,3
26.5,83,2.3,3
26.5,83,2.3,3
26.7,83,2.3,3
26.7,83,2.3,3
26.9,83,2.3,3
26.9,83,2.3,3
27.4,84,2.3,3
27.4,84,2.3,3
27.4,84,2.3,3
27.6,84,2.3,3
27.6,84,2.3,3
27.6,84,2.3,3
27.6,84,2.3,3
27.7,84,2.3,3
27.8,84,2.3,3
27.8,84,2.3,3
27.9,84,2.3,3
28.1,84,2.3,3
28.1,84,2.3,3
28.1,84,2.3,3
28.5,84,2.3,3
28.5,84,2.3,3
28.5,84,2.3,3
28.7,84,2.3,3
28.7,84,2.3,3
28.7,84,2.3,3
28.9,84,2.3,3
29,84,2.4,3
29,84,2.4,3
29,84,2.4,3
29.2,84,2.4,3
29.2,84,2.4,3
29.2,84,2.4,3
29.6,84,2.4,3
29.6,84,2.4,3
29.6,84,2.4,3
29.6,84,2.4,3
29.6,83,2.4,3
29.4,83,2.4,3
29.4,83,2.4,3
29.4,83,2.4,3
29.2,83,2.4,3
29.2,83,2.4,3
29.2,83,2.4,3
29.2,83,2.4,3
28.7,83,2.4,3
28.7,83,2.4,3
28.7,83,2.4,3
28.7,83,2.4,3
28.7,82,2.4,3
28.6,82,2.4,3
28.6,82,2.4,3
28.4,82,2.4,3
28.4,82,2.4,3
28.4,82,2.4,3
28.4,82,2.4,3
28.2,82,2.4,3
28.2,82,2.4,3
28.2,82,2.4,3
27.9,82,2.4,3
27.9,82,2.4,3
27.6,81,2.4,3
27.6,81,2.4,3
27.2,81,2.4,3
27.2,81,2.4,3
27.2,81,2.4,3
27.2,81,2.4,3
27.2,81,2.4,3
27,81,2.4,3
27,81,2.4,3
27.1,80,2.4,3
27.1,80,2.4,3
27,80,2.4,3
26.7,80,2.4,3
26.7,80,2.4,3
26.7,80,2.4,3
26.5,80,2.4,3
26.5,80,2.4,3
26.4,80,2.4,3
26.3,80,2.4,3
26.4,80,2.4,3
26.4,80,2.4,3
26.1,80,2.4,3
26.1,80,2.4,3
26.1,80,2.4,3
26.2,80,2.4,3
26.2,80,2.4,3
26.2,79,2.4,3
26.3,79,2.4,3
26.3,79,2.4,3
26.3,80,2.4,3
26.3,80,2.4,3
26.3,80,2.4,3
26.3,80,2.4,3
26.3,80,2.4,3
26.3,80,2.4,3
26.7,80,2.4,3
26.7,80,2.4,3
26.7,80,2.4,3
26.7,80,2.4,3
26.7,79,2.4,3
26.7,79,2.4,3
26.7,79,2.4,3
26.7,79,2.4,3
26.7,79,2.4,3
26.8,79,2.4,3
26.8,79,2.4,3
26.8,79,2.4,3
26.8,79,2.4,3
26.8,79,2.4,3
26.8,78,2.4,3
26.8,78,2.4,3
27.1,78,2.4,3
27.1,78,2.4,3
27.1,78,2.4,3
27.1,78,2.4,3
27.1,78,2.4,3
27.2,78,2.4,3
27.2,78,2.4,3
27.2,78,2.4,3
27.2,78,2.4,3
27.2,78,2.4,3
27.1,78,2.4,3
27.3,78,2.4,3
27.3,78,2.4,3
27.3,78,2.4,3
27.6,80,2.4,3
27.6,80,2.4,3
27.6,80,2.1,2
27.6,80,2.1,2
27.6,80,2.1,2
27.6,80,2.1,2
27.6,80,2.1,2
27.8,80,2.1,2
27.8,80,2.1,2
27.8,80,2.1,2
27.8,80,2.1,2
27.8,80,2.1,2
27.8,80,2.1,2
28.1,82,2.1,2
28.1,82,2.1,2
28.1,82,2.1,2
28.1,82,2.1,2
28.1,82,2.1,2
28.4,82,2.1,2
28.4,82,2.1,2
28.4,82,2.1,2
28.4,82,2.1,2
28.4,80,2.1,2
28.4,80,2.1,2
28.5,80,2.1,2
28.5,80,2.1,2
28.7,80,2.1,2
28.7,80,2.1,2
29.3,80,2.1,2
29.3,80,2.1,2
29.3,80,2.1,2
29.7,80,2.1,2
29.7,78,2.1,2
30.4,78,2.1,2
30.4,78,2.1,2
30.4,78,2.1,2
30.6,78,2.1,2
30.6,78,2.1,2
30.6,78,2.1,2
31.3,78,2.1,2
31.3,78,2,2
31.3,78,2,2
31.6,78,2,2
31.6,78,2,2
31.6,78,2,2
31.6,78,2,2
32.4,78,2,2
32.4,78,2,2
32.4,78,2,2
32.4,78,2,2
31.7,79,2,2
31.7,79,2,2
31.7,79,2,2
31.6,79,2,2
31.6,79,2,2
31.6,79,2,2
30.6,79,2,2
30.6,79,2,2
30.6,79,2,2
31.3,79,2,2
31.1,79,2,2
30,79,2,2
30,78,2,2
29.8,78,2,2
29.8,78,2,2
29.8,78,2,2
29.5,78,2,2
29.5,78,2,2
29.5,78,2,2
29.3,78,2,2
29.3,78,1.98,2
29.3,80,1.98,2
29.3,80,1.98,2
28.6,80,1.98,2
28.6,80,1.98,2
28.6,80,1.98,2
28.1,80,1.98,2
28.1,80,1.98,2
27.6,80,1.98,2
27.6,80,1.98,2
27.6,80,1.98,2
27.4,80,1.98,2
27.4,80,1.98,2
26.9,80,1.98,2
26.9,80,1.98,2
26.9,80,1.98,2
26.8,80,1.98,2
26.8,80,1.98,2
26.8,80,1.98,2
26.4,80,1.98,2
26.4,80,1.98,2
26.4,80,1.98,2
26.4,80,1.98,2
26.4,80,1.98,2
26.4,80,1.98,2
26.8,80,1.98,2
26.8,80,1.98,2
26.3,80,1.98,2
26.2,83,1.98,2
26.2,83,1.98,2
26.2,83,1.98,2
26.1,83,1.98,2
26.1,83,1.98,2
26.1,84,1.98,2
26.3,84,1.94,2
26.3,84,1.94,2
26.3,84,1.94,2
26.3,84,1.94,2
26.2,84,1.94,2
26.4,85,1.94,2
26.4,85,1.94,2
26.4,85,1.94,2
26.4,85,1.94,2
26.4,85,1.94,2
26.5,85,1.94,2
26.5,85,1.94,2
26.5,84,1.94,2
26.2,84,1.94,2
26.2,84,1.94,2
26.2,84,1.94,2
26.4,84,1.94,2
26.4,84,1.94,2
26.4,84,1.94,2
26.5,83,1.94,2
26.5,83,1.94,2
26.5,83,1.94,2
26.5,83,1.94,2
26.5,83,1.94,2
26.7,83,1.94,2
26.7,83,1.94,2
26.7,83,1.94,2
26.7,83,1.94,2
26.7,83,1.94,2
26.5,83,1.94,2
26.5,84,1.94,2
26.4,84,1.94,2
26.4,84,1.94,2
26.2,84,1.94,2
26.2,84,1.94,2
26.2,84,1.94,2
26.2,84,1.94,2
26,84,1.94,2
26,84,1.94,2
26,84,1.94,2
25.8,84,1.94,2
25.8,84,1.94,2
25.8,84,1.94,2
25.4,84,1.94,2
25.4,84,1.94,2
25.4,84,1.94,2
25.4,84,1.97,2
25.4,84,1.97,2
25.9,84,1.97,2
25.9,84,1.97,2
25.9,84,1.97,2
25.9,84,1.97,2
25.9,84,1.97,2
26.1,84,1.97,2
26.1,84,1.97,2
26.1,84,1.97,2
26.4,84,1.97,2
26.4,84,1.97,2
26.5,84,1.97,2
26.5,84,1.97,2
26.7,84,1.97,2
26.7,83,1.97,2
26.9,83,1.97,2
26.9,83,1.97,2
27.4,83,1.97,2
27.4,83,1.97,2
27.4,83,1.97,2
27.6,83,1.97,2
27.6,83,1.97,2
27.6,83,1.97,2
27.6,83,1.97,2
27.7,83,1.97,2
27.8,83,1.97,2
27.8,82,1.97,2
27.9,82,1.97,2
28.1,82,1.97,2
28.1,82,1.97,2
28.1,82,1.97,2
28.5,82,1.97,2
28.5,82,1.97,2
28.5,82,1.97,2
28.7,82,1.97,2
28.7,82,1.97,2
28.7,82,1.97,2
28.9,82,1.97,2
29,81,1.97,2
29,81,1.97,2
29,81,1.97,2
29.2,81,1.97,2
29.2,81,1.97,2
29.2,81,1.97,2
29.6,81,1.97,2
29.6,81,1.97,2
29.6,81,1.97,2
29.6,80,1.97,2
29.6,80,1.97,2
29.4,80,1.97,2
29.4,80,1.97,2
29.4,80,1.97,2
29.2,80,1.97,2
29.2,80,1.97,2
29.2,80,1.97,2
29.2,80,1.97,2
28.7,80,1.97,2
28.7,80,1.97,2
28.7,80,1.97,2
28.7,80,1.97,2
28.7,80,1.97,2
28.6,80,1.97,2
28.6,80,1.97,2
28.4,80,1.97,2
28.4,79,1.97,2
28.4,79,1.97,2
28.4,79,1.97,2
28.2,80,1.97,2
28.2,80,1.97,2
28.2,80,1.97,2
27.9,80,1.97,2
27.9,80,1.97,2
27.6,80,1.97,2
27.6,80,1.97,2
27.2,80,1.97,2
27.2,80,1.97,2
27.2,80,1.97,2
27.2,79,1.97,2
27.2,79,1.97,2
27,79,1.97,2
27,79,1.97,2
27.1,79,1.97,2
27.1,79,1.97,2
27,79,1.97,2
26.7,79,1.97,2
26.7,79,1.97,2
26.7,79,1.97,2
26.5,78,1.97,2
26.5,78,1.97,2
26.4,78,1.97,2
26.3,78,1.97,2
26.2,78,1.97,2
26.2,78,1.97,2
26.2,78,1.97,2
26.1,78,1.97,2
26.1,78,1.97,2
26.1,78,1.97,2
26.3,78,1.97,2
26.3,78,1.97,2
26.3,78,1.97,2
26.3,78,1.97,2
26.2,78,1.97,2
26.4,78,1.97,2
26.4,80,1.97,2
26.4,80,1.97,2
26.4,80,1.97,2
26.4,80,1.97,2
26.5,80,1.97,2
26.5,80,1.97,2
26.5,80,1.97,2
26.2,80,1.97,2
26.2,80,1.97,2
26.2,80,1.97,2
26.4,80,1.97,2
26.4,80,1.97,2
26.4,80,1.97,2
26.5,82,1.97,2
26.5,82,1.97,2
26.5,82,1.97,2
26.5,82,1.97,2
26.5,82,1.97,2
26.7,82,1.97,2
26.7,82,1.97,2
26.7,82,1.97,2
26.7,82,1.97,2
26.7,83,1.97,2
26.5,83,1.97,2
26.5,83,1.97,2
26.4,83,1.97,2
26.4,83,1.97,2
26.2,84,1.97,2
26.2,84,1.97,2
26.2,84,1.97,2
26.2,84,1.97,2
26,84,1.97,2
26,84,1.97,2
26,85,1.97,2
25.8,85,1.97,2
25.8,85,1.97,2
25.8,85,1.97,2
25.4,85,1.97,2
25.4,85,1.97,2
25.4,85,1.97,2
25.4,84,1.98,2
25.4,84,1.98,2
25.9,84,1.98,2
25.9,84,1.98,2
25.9,84,1.98,2
25.9,84,1.98,2
25.9,84,1.98,2
26.1,83,1.98,2
26.1,83,1.98,2
26.1,83,1.98,2
26.4,83,1.98,2
26.4,83,1.98,2
26.5,83,1.98,2
26.5,83,1.98,2
26.7,83,1.98,2
26.7,83,1.98,2
26.9,83,1.98,2
26.9,83,1.98,2
27.4,84,1.98,2
27.4,84,1.98,2
27.4,84,1.98,2
27.6,84,1.98,2
27.6,84,1.98,2
27.6,84,1.98,2
27.6,84,1.98,2
27.7,84,1.98,2
27.8,84,1.98,2
27.8,84,1.98,2
27.9,84,1.98,2
28.1,84,1.98,2
28.1,84,1.98,2
28.1,84,1.98,2
28.5,84,1.98,2
28.5,84,1.98,2
28.5,84,1.98,2
28.7,84,1.98,2
28.7,84,1.98,2
28.7,84,1.98,2
28.9,84,1.98,2
29,84,1.98,2
29,84,1.98,2
29,84,1.98,2
29.2,84,1.98,2
29.2,84,1.98,2
29.2,84,1.98,2
29.6,84,1.99,2
29.6,84,1.99,2
29.6,84,1.99,2
29.6,84,1.99,2
29.6,83,1.99,2
29.4,83,1.99,2
29.4,83,1.99,2
29.4,83,1.99,2
29.2,83,1.99,2
29.2,83,1.99,2
29.2,83,1.99,2
29.2,83,1.99,2
28.7,83,1.99,2
28.7,83,1.99,2
28.7,83,1.99,2
28.7,83,1.99,2
28.7,82,1.99,2
28.6,82,1.99,2
28.6,82,1.99,2
28.4,82,1.99,2
28.4,82,1.99,2
28.4,82,1.99,2
28.4,82,1.99,2
28.2,82,1.99,2
28.2,82,1.99,2
28.2,82,1.99,2
27.9,82,1.99,2
27.9,82,1.99,2
27.6,81,1.99,2
27.6,81,1.99,2
27.2,81,1.99,2
27.2,81,1.99,2
27.2,81,1.99,2
27.2,81,1.99,2
27.2,81,1.99,2
27,81,1.99,2
27,81,1.99,2
27.1,80,1.99,2
27.1,80,1.99,2
27,80,1.99,2
26.7,80,1.99,2
26.7,80,1.99,2
26.7,80,1.99,2
26.5,80,1.99,2
26.5,80,1.99,2
26.4,80,1.99,2
26.3,80,1.99,2
26.3,80,1.99,2
26.3,80,1.99,2
26.3,80,1.99,2
26.2,80,1.99,2
26.2,80,1.99,2
26.2,80,1.99,2
26.1,80,1.99,2
26.1,79,1.99,2
26.1,79,1.99,2
26.3,79,1.99,2
26.3,80,1.99,2
26.3,80,1.99,2
26.3,80,1.99,2
26.2,80,1.99,2
26.4,80,1.99,2
26.4,80,1.99,2
26.4,80,1.99,2
26.4,80,1.99,2
26.4,80,1.99,2
26.5,80,1.99,2
26.5,79,1.99,2
26.5,79,1.99,2
26.2,79,1.99,2
26.2,79,1.99,2
26.2,79,1.99,2
26.4,79,1.99,2
26.4,79,1.99,2
26.4,79,1.99,2
26.5,79,1.99,2
26.5,79,1.99,2
26.5,78,1.99,2
26.5,78,1.99,2
26.5,78,1.99,2
26.7,78,1.99,2
26.7,78,1.99,2
26.7,78,1.99,2
26.7,78,1.99,2
26.7,78,1.99,2
26.5,78,1.99,2
26.5,78,1.99,2
26.4,78,1.99,2
26.4,78,1.99,2
26.2,78,1.99,2
26.2,78,1.99,2
26.2,78,1.99,2
26.2,78,1.99,2
26,80,1.99,2
26,80,1.99,2
26,80,1.99,2
25.8,80,1.99,2
25.8,80,1.99,2
25.8,80,1.99,2
25.4,80,1.99,2
25.4,80,1.99,2
25.4,80,1.99,2
25.4,80,1.99,2
25.4,80,1.99,2
25.9,80,1.99,2
25.9,80,1.99,2
25.9,82,1.99,2
25.9,82,1.99,2
25.9,82,1.99,2
26.1,82,1.99,2
26.1,82,1.99,2
26.1,82,1.99,2
26.4,82,1.99,2
26.4,82,1.99,2
26.5,82,1.99,2
26.5,83,1.99,2
26.7,83,1.99,2
26.7,83,1.99,2
26.9,83,1.99,2
26.9,83,1.99,2
27.4,84,1.99,2
27.4,84,1.99,2
27.4,84,1.99,2
27.6,84,1.99,2
27.6,84,1.99,2
27.6,84,1.99,2
27.6,85,1.99,2
27.7,85,1.99,2
27.8,85,1.99,2
27.8,85,1.99,2
27.9,85,1.99,2
28.1,85,1.99,2
28.1,85,1.99,2
28.1,84,1.99,2
28.5,84,1.99,2
28.5,84,1.99,2
28.5,84,1.99,2
28.7,84,1.99,2
28.7,84,1.99,2
28.7,84,2,2
28.9,83,2,2
29,83,2,2
29,83,2,2
29,83,2,2
29.2,83,2,2
29.2,83,2,2
29.2,83,2,2
29.6,83,2,2
29.6,83,2,2
29.6,83,2,2
29.6,83,2,2
29.6,84,2,2
29.4,84,2,2
29.4,84,2,2
29.4,84,2,2
29.2,84,2,2
29.2,84,2,2
29.2,84,2,2
29.2,84,2,2
28.7,84,2,2
28.7,84,2,2
28.7,84,2,2
28.7,84,2,2
28.7,84,2,2
28.6,84,2,2
28.6,84,2,2
28.4,84,2,2
28.4,84,2,2
28.4,84,2,2
28.4,84,2,2
28.2,84,2,2
28.2,84,2,2
28.2,84,2,2
27.9,84,2,2
27.9,84,2,2
27.6,84,2,2
27.6,84,2,2
27.2,84,2,2
27.2,84,2,2
27.2,84,2,2
27.2,84,2,2
27.2,84,2,2
27,83,2,2
27,83,2,2
27.1,83,2,2
27.1,83,2,2
27,83,2,2
26.7,83,2,2
26.7,83,2,2
26.7,83,2,2
26.5,83,2,2
26.5,83,2,2
26.4,83,2,2
26.3,83,2,2
26.2,82,2,2
26.2,82,2,2
26.2,82,2,2
26.1,82,2,2
26.1,82,2,2
26.1,82,2,2
26.3,82,2,2
26.3,82,2,2
26.3,82,2,2
26.3,82,2,2
26.2,82,2,2
26.4,82,2,2
26.4,81,2,2
26.4,81,2,2
26.4,81,2,2
26.4,81,2,2
26.5,81,2,2
26.5,81,2,2
26.5,81,2,2
26.2,81,2,2
26.2,81,2,2
26.2,80,2,2
26.4,80,2,2
26.4,80,2,2
26.4,80,2,2
26.5,80,2,2
26.5,80,2,2
26.5,80,2,2
26.5,80,2,2
26.5,80,2,2
26.7,80,2,2
26.7,80,2,2
26.7,80,2,2
26.7,80,2,2
26.7,80,2,2
26.5,80,2,2
26.5,80,2,2
26.4,80,2,2
26.4,79,2,2
26.2,79,2,2
26.2,79,2,2
26.2,80,2,2
26.2,80,2,2
26,80,2,2
26,80,2,2
26,80,2,2
25.8,80,2,2
25.8,80,2,2
25.8,80,2,2
25.4,80,2,2
25.4,80,2,2
25.4,79,2,2
25.4,79,2,2
25.4,79,2,2
25.9,79,2,2
25.9,79,2,2
25.9,79,2,2
25.9,79,2,2
25.9,79,2,2
26.1,79,2,2
26.1,79,2,2
26.1,78,2,2
26.4,78,2,2
26.4,78,2,2
26.5,78,2,2
26.5,78,2,2
26.7,78,2,2
26.7,78,2,2
26.9,78,2,2
26.9,78,2,2
27.4,78,2,2
27.4,78,2,2
27.4,78,2,2
27.6,78,2,2
27.6,78,2,2
27.6,78,2,2
27.6,78,2,2
27.7,80,2,2
27.8,80,2,2
27.8,80,2,2
27.9,80,2,2
28.1,80,2,2
28.1,80,2,2
28.1,80,2,2
28.5,80,2,2
28.5,80,2,2
28.5,80,2.1,2
28.7,80,2.1,2
28.7,80,2.1,2
28.7,80,2.1,2
28.9,82,2.1,2
29,82,2.1,2
29,82,2.1,2
29,82,2.1,2
29.2,82,2.1,2
29.2,82,2.1,2
29.2,82,2.1,2
29.6,82,2.1,2
29.6,82,2.1,2
29.6,83,2.1,2
29.6,83,2.1,2
29.6,83,2.1,2
29.4,83,2.1,2
29.4,83,2.1,2
29.4,84,2.1,2
29.2,84,2.1,2
29.2,84,2.1,2
29.2,84,2.1,2
29.2,84,2.1,2
28.7,84,2.1,2
28.7,85,2.1,2
28.7,85,2.1,2
28.7,85,2.1,2
28.7,85,2.1,2
28.6,85,2.1,2
28.6,85,2.1,2
28.4,85,2.1,2
28.4,84,2.1,2
28.4,84,2.1,2
28.4,84,2.1,2
28.2,84,2.1,2
28.2,84,2.1,2
28.2,84,2.1,2
27.9,84,2.1,2
27.9,83,2.1,2
27.6,83,2.1,2
27.6,83,2.1,2
27.2,83,2.1,2
27.2,83,2.1,2
27.2,83,2.1,2
27.2,83,2.1,2
27.2,83,2.1,2
27,83,2.1,2
27,83,2.1,2
27.1,83,2.1,2
27.1,84,2.1,2
27,84,2.1,2
26.7,84,2.1,2
26.7,84,2.1,2
26.7,84,2.1,2
26.5,84,2.1,2
26.5,84,2.1,2
26.4,84,2.1,2
26.3,84,2.1,2
26.3,84,2.1,2
26.2,84,2.1,2
26.2,84,2.1,2
26.2,84,2.1,2
26.1,84,2.4,3
26.1,84,2.4,3
26.1,84,2.4,3
26.3,84,2.4,3
26.3,84,2.4,3
26.3,84,2.4,3
26.3,84,2.4,3
26.2,84,2.4,3
26.4,84,2.4,3
26.4,84,2.4,3
26.4,84,2.4,3
26.4,84,2.4,3
26.4,84,2.4,3
26.5,84,2.4,3
26.5,84,2.4,3
26.5,84,2.4,3
26.2,84,2.4,3
26.2,84,2.4,3
26.2,83,2.2,3
26.4,83,2.2,3
26.4,83,2.2,3
26.4,83,2.2,3
26.5,83,2.2,3
26.5,83,2.2,3
26.5,83,2.2,3
26.5,83,2.2,3
26.5,83,2.2,3
26.7,83,2.2,3
26.7,83,2.2,3
26.7,83,2.2,3
26.7,82,2.2,3
26.7,82,2.2,3
26.5,82,2.2,3
26.5,82,2.2,3
26.4,82,2.2,3
26.4,82,2.2,3
26.2,82,2.2,3
26.2,82,2.2,3
26.2,82,2.1,2
26.2,82,2.1,2
26,82,2.1,2
26,82,2.1,2
26,81,2.1,2
25.8,81,2.1,2
25.8,81,2.1,2
25.8,81,2.1,2
25.4,81,2.1,2
25.4,81,2.1,2
25.4,81,2.1,2
25.4,81,2.1,2
25.4,81,2.1,2
25.9,80,2.1,2
25.9,80,2.1,2
25.9,80,2.1,2
25.9,80,2.1,2
25.9,80,2.1,2
26.1,80,2.1,2
26.1,80,2.1,2
26.1,80,1.9,2
26.4,80,1.9,2
26.4,80,1.9,2
26.5,80,1.9,2
26.5,80,1.9,2
26.7,80,1.9,2
26.7,80,1.9,2
26.9,80,1.9,2
26.9,80,1.9,2
27.4,80,1.9,2
27.4,79,1.9,2
27.4,79,1.9,2
27.6,79,1.9,2
27.6,80,1.9,2
27.6,80,1.9,2
27.6,80,1.9,2
27.7,80,1.9,2
27.8,80,1.9,2
27.8,80,1.9,2
27.9,80,1.9,2
28.1,80,1.9,2
28.1,80,1.9,2
28.1,80,2.2,3
28.5,79,2.2,3
28.5,79,2.2,3
28.5,79,2.2,3
28.7,79,2.2,3
28.7,79,2.2,3
28.7,79,2.2,3
28.9,79,2.2,3
29,79,2.2,3
29,79,2.2,3
29,79,2.2,3
29.2,78,2.2,3
29.2,78,2.2,3
29.2,78,2.2,3
29.6,78,2.2,3
29.6,78,2.2,3
29.6,78,2.2,3
29.6,78,2.2,3
29.6,78,2.2,3
29.4,78,2.2,3
29.4,78,2.2,3
29.4,78,2.2,3
29.2,78,2.2,3
29.2,78,2.2,3
29.2,78,2.2,3
29.2,78,2.2,3
28.7,78,2.2,3
28.7,80,2.2,3
28.7,80,2.2,3
28.7,80,2.2,3
28.7,80,2.2,3
28.6,80,2.2,3
28.6,80,2.2,3
28.4,80,2.2,3
28.4,80,2.2,3
28.4,80,2.2,3
28.4,80,2.2,3
28.2,80,2.2,3
28.2,80,2.2,3
28.2,80,2.2,3
27.9,82,2.2,3
27.9,82,2.2,3
27.6,82,2.2,3
27.6,82,2.2,3
27.2,82,2.2,3
27.2,82,2.2,3
27.2,82,2.2,3
27.2,82,2.2,3
27.2,82,2.2,3
27,83,2.2,3
27,83,2.2,3
27.1,83,2.2,3
27.1,83,2.2,3
27,83,2.2,3
26.7,82,2.2,3
26.7,82,2.2,3
26.7,82,2.2,3
26.5,81,2.2,3
26.5,81,2.2,3
26.4,81,2.2,3
26.3,81,2.2,3
26.1,81,2.2,3
26.2,81,2.2,3
26.2,81,2.2,3
26.2,81,2.2,3
26.3,81,2.2,3
26.3,81,2.2,3
26.3,81,2.2,3
26.3,81,2.2,3
26.3,81,2.2,3
26.3,81,2.2,3
26.3,81,2.2,3
26.3,81,2.2,3
26.7,81,2.2,3
26.7,81,2.2,3
26.7,81,2.2,3
26.7,81,2.2,3
26.7,81,2.2,3
26.7,81,2.2,3
26.7,81,2.2,3
26.7,81,2.2,3
26.7,81,2.2,3
26.8,81,2.2,3
26.8,82,2.2,3
26.8,82,2.2,3
26.8,82,2.2,3
26.8,82,2.2,3
26.8,82,2.2,3
26.8,82,2.2,3
27.1,81,2.2,3
27.1,81,2.2,3
27.1,81,2.2,3
27.1,81,2.2,3
27.1,81,2.2,3
27.2,81,2.2,3
27.2,81,2.2,3
27.2,81,2.2,3
27.2,81,2.2,3
27.2,82,2.2,3
27.1,82,2.2,3
27.3,82,2.2,3
27.3,82,2.2,3
27.3,82,2.2,3
27.6,82,2.2,3
27.6,82,2.2,3
27.6,82,2.2,3
27.6,83,2.2,3
27.6,83,2.2,3
27.6,83,2.2,3
27.6,83,2.2,3
27.8,83,2.2,3
27.8,83,2.2,3
27.8,83,2.2,3
27.8,83,2.2,3
27.8,83,2.2,3
27.8,83,2.2,3
28.1,83,2.2,3
28.1,82,2.2,3
28.1,82,2.2,3
28.1,82,2.2,3
28.1,82,2.2,3
28.4,82,2.2,3
28.4,80,2.2,3
28.4,80,2.2,3
28.4,80,2.2,3
28.4,80,2.2,3
28.4,80,2.2,3
28.5,80,2.2,3
28.5,80,2.2,3
28.7,80,2.2,3
28.7,80,2.2,3
29.3,80,2.2,3
29.3,80,2.2,3
29.3,80,2.2,3
29.7,80,2.2,3
29.7,78,2.2,3
30.4,78,2.2,3
30.4,78,2.2,3
30.4,78,2.2,3
30.6,78,2.2,3
30.6,78,2.2,3
30.6,78,2.2,3
31.3,78,2.2,3
31.3,78,2.2,3
31.3,78,2.2,3
31.6,78,2.2,3
31.6,78,2.2,3
31.6,78,2.2,3
31.6,78,2.2,3
32.4,78,2.2,3
32.4,78,2.2,3
32.4,78,2.2,3
32.4,78,2.2,3
31.7,79,2.2,3
31.7,79,2.2,3
31.7,79,2.2,3
31.6,79,2.2,3
31.6,79,2.2,3
31.6,79,2.2,3
30.6,79,2.2,3
30.6,79,2.2,3
30.6,79,2.2,3
31.3,79,2.2,3
31.1,79,2.2,3
30,79,2.2,3
30,78,2.2,3
29.8,78,2.2,3
29.8,78,2.2,3
29.8,78,2.2,3
29.5,78,2.2,3
29.5,78,2.2,3
29.5,78,2.2,3
29.3,78,2.2,3
29.3,78,2.2,3
29.3,80,2.2,3
29.3,80,2.2,3
28.6,80,2.2,3
28.6,80,2.2,3
28.6,80,2.2,3
28.1,80,2.2,3
28.1,80,2.2,3
27.6,80,2.2,3
27.6,80,2.2,3
27.6,80,2.2,3
27.4,80,2.2,3
27.4,80,2.2,3
26.9,80,2.2,3
26.9,80,2.2,3
26.9,80,2.2,3
26.8,80,2.2,3
26.8,80,2.2,3
26.8,80,2.2,3
26.4,80,2.2,3
26.4,80,2.2,3
26.4,80,2.2,3
26.4,80,2.2,3
26.4,80,2.2,3
26.4,80,2.2,3
26.8,80,2.2,3
26.8,80,2.2,3
26.3,80,2.2,3
26.2,84,2.2,3
26.2,84,2.2,3
26.2,84,2.2,3
26.1,84,2.2,3
26.1,84,2.2,3
26.1,84,2.2,3
26.3,84,2.2,3
26.3,84,2.2,3
26.3,84,2.2,3
26.3,84,2.2,3
26.2,84,2.2,3
26.4,84,2.2,3
26.4,84,2.2,3
26.4,84,2.2,3
26.4,84,2.2,3
26.4,84,2.2,3
26.5,84,2.2,3
26.5,84,2.2,3
26.5,84,2.2,3
26.2,84,2.2,3
26.2,84,2.2,3
26.2,84,2.2,3
26.4,84,2.2,3
26.4,84,2.2,3
26.4,84,2.2,3
26.5,83,2.2,3
26.5,83,2.2,3
26.5,83,2.2,3
26.5,83,2.2,3
26.5,83,2.2,3
26.7,83,2.2,3
26.7,83,2.2,3
26.7,83,2.2,3
26.7,83,2.2,3
26.7,83,2.2,3
26.5,83,2.2,3
26.5,83,2.2,3
26.4,82,2.2,3
26.4,82,2.2,3
26.2,82,2.2,3
26.2,82,2.2,3
26.2,82,2.2,3
26.2,82,2.2,3
26,82,2.2,3
26,82,2.2,3
26,82,2.2,3
25.8,82,2.2,3
25.8,82,2.2,3
25.8,82,2.2,3
25.4,81,2.2,3
25.4,81,2.2,3
25.4,81,2.2,3
25.4,81,2.2,3
25.4,81,2.2,3
25.9,81,2.2,3
25.9,81,2.2,3
25.9,81,2.2,3
25.9,81,2.2,3
25.9,80,2.2,3
26.1,80,2.2,3
26.1,80,2.2,3
26.1,80,2.2,3
26.4,80,2.2,3
26.4,80,2.2,3
26.5,80,2.2,3
26.5,80,2.2,3
26.7,80,2.2,3
26.7,80,2.2,3
26.9,80,2.2,3
26.9,80,2.2,3
27.4,80,2.2,3
27.4,80,2.2,3
27.4,80,2.2,3
27.6,80,2.2,3
27.6,80,2.2,3
27.6,79,2.2,3
27.6,79,2.2,3
27.7,79,2.2,3
27.8,80,2.2,3
27.8,80,2.2,3
27.9,80,2.2,3
28.1,80,2.2,3
28.1,80,2.2,3
28.1,80,2.2,3
28.5,80,2.2,3
28.5,80,2.2,3
28.5,80,2.2,3
28.7,80,2.2,3
28.7,79,2.2,3
28.7,79,2.2,3
28.9,79,2.2,3
29,79,2.2,3
29,79,2.2,3
29,79,2.2,3
29.2,79,2.2,3
29.2,79,2.2,3
29.2,79,2.2,3
29.6,79,2.2,3
29.6,78,2.2,3
29.6,78,2.2,3
29.6,78,2.2,3
29.6,78,2.2,3
29.4,78,2.2,3
29.4,78,2.2,3
29.4,78,2.2,3
29.2,78,2.2,3
29.2,78,2.2,3
29.2,78,2.2,3
29.2,78,2.2,3
28.7,78,2.2,3
28.7,78,2.2,3
28.7,78,2.2,3
28.7,78,2.2,3
28.7,78,2.2,3
28.6,80,2.2,3
28.6,80,2.2,3
28.4,80,2.2,3
28.4,80,2.2,3
28.4,80,2.2,3
28.4,80,2.2,3
28.2,80,2.2,3
28.2,80,2.2,3
28.2,80,2.2,3
27.9,80,2.2,3
27.9,80,2.2,3
27.6,80,2.2,3
27.6,80,2.2,3
27.2,82,2.2,3
27.2,82,2.2,3
27.2,82,2.2,3
27.2,82,2.2,3
27.2,82,2.2,3
27,82,2.2,3
27,82,2.2,3
27.1,82,2.2,3
27.1,82,2.2,3
27,83,2.2,3
26.7,83,2.2,3
26.7,83,2.2,3
26.7,83,2.2,3
26.5,83,2.2,3
26.5,82,2.2,3
26.4,82,2.2,3
26.3,82,2.2,3
26.2,81,2.2,3
26.2,81,2.2,3
26.2,81,2.2,3
26.1,81,2.2,3
26.1,81,2.2,3
26.1,81,2.2,3
26.3,81,2.2,3
26.3,81,2.2,3
26.3,81,2.2,3
26.3,81,2.2,3
26.2,81,2.2,3
26.4,81,2.2,3
26.4,84,2.2,3
26.4,84,2.2,3
26.4,84,2.2,3
26.4,84,2.2,3
26.5,84,2.2,3
26.5,84,2.2,3
26.5,84,2.2,3
26.2,84,2.2,3
26.2,84,2.2,3
26.2,84,2.2,3
26.4,84,2.2,3
26.4,84,2.2,3
26.4,84,2.2,3
26.5,84,2.2,3
26.5,84,2.2,3
26.5,84,2.2,3
26.5,84,2.2,3
26.5,84,2.2,3
26.7,84,2.2,3
26.7,84,2.2,3
26.7,84,2.2,3
26.7,84,2.2,3
26.7,84,2.2,3
26.5,84,2.2,3
26.5,84,2.2,3
26.4,83,2.2,3
26.4,83,2.2,3
26.2,83,2.2,3
26.2,83,2.2,3
26.2,83,2.2,3
26.2,83,2.2,3
26,83,2.2,3
26,83,2.2,3
26,83,2.2,3
25.8,83,2.2,3
25.8,83,2.2,3
25.8,83,2.2,3
25.4,82,2.2,3
25.4,82,2.2,3
25.4,82,2.2,3
25.4,82,2.2,3
25.4,82,2.2,3
25.9,82,2.2,3
25.9,82,2.2,3
25.9,82,2.2,3
25.9,82,2.2,3
25.9,82,2.2,3
26.1,82,2.2,3
26.1,82,2.2,3
26.1,81,2.2,3
26.4,81,2.2,3
26.4,81,2.2,3
26.5,81,2.2,3
26.5,81,2.2,3
26.7,81,2.2,3
26.7,81,2.2,3
26.9,81,2.2,3
26.9,81,2.2,3
27.4,80,2.2,3
27.4,80,2.2,3
27.4,80,2.2,3
27.6,80,2.2,3
27.6,80,2.2,3
27.6,80,2.2,3
27.6,80,2.2,3
27.7,80,2.2,3
27.8,80,2.2,3
27.8,80,2.2,3
27.9,80,2.2,3
28.1,80,2.2,3
28.1,80,2.2,3
28.1,80,2.2,3
28.5,80,2.2,3
28.5,80,2.2,3
28.5,80,2.2,3
28.7,79,2.2,3
28.7,79,2.2,3
28.7,79,2.2,3
28.9,80,2.2,3
29,80,2.2,3
29,80,2.2,3
29,80,2.2,3
29.2,80,2.2,3
29.2,80,2.2,3
29.2,80,2.2,3
29.6,80,2.2,3
29.6,80,2.2,3
29.6,80,2.2,3
29.6,79,2.2,3
29.6,79,2.2,3
29.4,79,2.2,3
29.4,79,2.2,3
29.4,79,2.2,3
29.2,79,2.2,3
29.2,79,2.2,3
29.2,79,2.2,3
29.2,79,2.2,3
28.7,79,2.2,3
28.7,78,2.2,3
28.7,78,2.2,3
28.7,78,2.2,3
28.7,78,2.2,3
28.6,78,2.2,3
28.6,78,2.2,3
28.4,78,2.2,3
28.4,78,2.2,3
28.4,78,2.2,3
28.4,78,2.2,3
28.2,78,2.2,3
28.2,78,2.2,3
28.2,78,2.2,3
27.9,78,2.2,3
27.9,78,2.2,3
27.6,78,2.2,3
27.6,80,2.2,3
27.2,80,2.2,3
27.3,80,2.2,3
27.3,80,2.2,3
27.2,80,2.2,3
27.2,80,2.2,3
27,80,2.2,3
27,80,2.2,3
27.1,80,2.2,3
27.1,80,2.2,3
27,80,2.2,3
26.7,80,2.2,3
26.6,80,2.2,3
26.6,82,2.2,3
26.5,82,2.2,3
26.5,82,2.2,3
26.4,82,2.2,3
26.3,82,2.2,3